,hour,longitude,latitude,value
0,0,104.0077,30.7083,6.0
1,0,104.0675,30.6358,13.0
2,0,104.0676,30.6463,37.0
3,0,104.2607,30.8865,7.5
4,0,103.9838,30.6657,23.0
5,0,103.6784,31.0058,37.0
6,0,104.261,30.5531,9.0
7,0,103.8147,30.6999,16.0
8,0,103.9299,30.803,38.0
9,0,103.6246,30.981,14.5
10,0,103.6483,30.9995,10.33
11,0,103.6594,31.0267,20.0
12,0,103.8285,30.6498,23.0
13,0,104.1936,30.8249,23.0
14,0,104.0123,30.6574,10.0
15,0,103.9528,30.7522,20.0
16,0,103.6713,31.0293,21.0
17,0,103.6398,30.9909,8.33
18,0,104.0503,30.6089,144.0
19,0,104.3913,30.855,60.0
20,0,104.074,30.6549,12.75
21,0,103.9791,30.5737,58.0
22,0,104.1257,30.6341,54.0
23,0,104.1514,30.7586,101.0
24,0,104.2414,30.5791,9.0
25,0,103.9623,30.5762,8.0
26,0,104.08,30.6078,10.0
27,0,104.0905,30.6174,20.0
28,0,104.1834,30.7988,24.0
29,0,103.9328,30.7613,25.0
30,0,104.0372,30.6895,35.0
31,0,103.8879,30.8268,10.0
32,0,103.634,31.0137,12.0
33,0,104.0089,30.6437,11.0
34,0,104.2733,30.8846,14.0
35,0,103.9785,30.7377,10.0
36,0,104.0804,30.7041,17.0
37,0,104.0624,30.5924,8.0
38,0,104.0724,30.533,13.0
39,0,104.0455,30.6401,10.0
40,0,104.0983,30.672,19.5
41,0,104.1149,30.6629,20.0
42,0,104.0617,30.657,36.25
43,0,104.1175,30.6764,22.0
44,0,103.9887,30.82,16.0
45,0,103.6606,31.002,17.67
46,0,104.0746,30.6787,41.5
47,0,103.6608,31.0124,24.67
48,0,104.0573,30.6969,23.0
49,0,103.6537,30.9874,10.78
50,0,103.6512,30.9595,27.0
51,0,103.8947,30.8136,7.25
52,0,104.0911,30.6595,45.2
53,0,104.0962,30.599,18.0
54,0,104.0602,30.561,10.5
55,0,103.8508,30.7053,21.0
56,0,103.9292,30.5805,18.0
57,0,104.0148,30.6296,18.0
58,0,104.1673,30.7075,140.0
59,0,103.8831,30.8174,9.0
60,0,103.987,30.6743,9.0
61,0,104.0571,30.6333,11.0
62,0,104.2474,30.5329,61.0
63,0,104.0758,30.4966,19.5
64,0,104.1523,30.6296,25.0
65,0,104.0667,30.6043,13.0
66,0,104.1738,30.8339,12.0
67,0,104.1462,30.6428,13.0
68,0,104.2755,30.5722,9.0
69,0,104.0082,30.5726,13.0
70,0,104.028,30.6685,14.0
71,0,104.0023,30.6102,7.0
72,0,103.8709,30.7119,25.0
73,0,104.1628,30.6439,14.0
74,0,104.1223,30.7502,14.5
75,0,104.1078,30.642,13.0
76,0,104.0002,30.6731,5.0
77,0,103.6797,30.6235,14.0
78,0,104.2763,30.5853,22.0
79,0,103.9171,30.8096,15.0
80,0,103.6663,30.9779,10.0
81,0,103.6553,30.9779,19.0
82,0,104.0952,30.6471,25.0
83,0,103.9134,30.5791,9.0
84,0,103.8423,30.7134,22.0
85,0,104.2913,30.8911,11.0
86,0,104.2734,30.5582,24.0
87,0,103.8401,30.6922,21.0
88,0,104.1763,30.7214,8.0
89,0,103.8959,30.7947,14.0
90,0,103.8264,30.6992,30.5
91,0,104.2448,30.8933,13.0
92,0,104.0873,30.6755,18.0
93,0,104.073,30.5583,8.0
94,0,104.2865,30.5612,8.0
95,0,104.0784,30.6311,22.0
96,0,104.1685,30.6216,20.5
97,0,104.0226,30.6814,18.33
98,0,104.0341,30.6484,16.0
99,0,104.1667,30.8263,13.0
100,0,104.0838,30.5668,9.0
101,0,104.0623,30.6744,35.0
102,0,103.9747,30.6814,13.0
103,0,104.2558,30.5784,14.0
104,0,104.1994,30.8167,14.0
105,0,103.9845,30.7546,10.0
106,0,103.9461,30.7812,7.0
107,0,103.8709,30.6919,34.5
108,0,104.289,30.5717,17.5
109,0,103.9653,30.585,11.0
110,0,103.6903,31.0372,141.0
111,0,104.067,30.6262,33.67
112,0,104.1284,30.6875,5.0
113,1,104.2804,30.8753,13.0
114,1,103.9617,30.5737,14.0
115,1,103.6604,30.6392,11.0
116,1,104.0786,30.6811,6.0
117,1,103.8975,30.7975,11.8
118,1,104.2581,30.8877,8.0
119,1,104.197,30.81,12.0
120,1,103.6683,31.0088,16.0
121,1,104.0305,30.6686,16.0
122,1,104.2717,30.8924,7.0
123,1,103.8256,30.7013,17.0
124,1,103.9271,30.7252,63.0
125,1,104.1441,30.6689,21.0
126,1,103.8852,30.7939,12.0
127,1,104.1376,30.6504,18.0
128,1,104.0814,30.5472,12.0
129,1,104.0452,30.608,16.0
130,1,104.0739,30.666,11.0
131,1,104.0404,30.6409,17.5
132,1,103.8462,30.7142,14.67
133,1,103.6366,30.9638,10.0
134,1,104.1692,30.6046,17.0
135,1,103.9477,30.7789,55.0
136,1,103.9174,30.7767,21.0
137,1,103.9846,30.6482,16.0
138,1,104.2529,30.5786,14.0
139,1,104.0813,30.5958,14.0
140,1,104.2749,30.5616,9.0
141,1,104.2512,30.5408,14.5
142,1,104.2396,30.5577,8.0
143,1,104.1685,30.8233,14.0
144,1,103.902,30.8218,18.67
145,1,104.0743,30.6389,13.0
146,1,103.6597,31.0265,9.0
147,1,103.9653,30.585,11.89
148,1,103.6553,30.9793,16.0
149,1,104.266,30.5693,10.6
150,1,103.9136,30.8065,8.0
151,1,104.1179,30.6359,24.0
152,1,104.078,30.4892,61.0
153,1,104.059,30.5127,15.0
154,1,103.6294,30.9886,9.33
155,1,103.8393,30.7065,9.0
156,1,103.6687,31.0207,21.0
157,1,103.9189,30.6087,59.0
158,1,104.0636,30.5041,18.0
159,1,104.2047,30.8289,13.0
160,1,103.6315,31.0059,10.38
161,1,103.8712,30.6984,24.33
162,1,104.0994,30.6877,17.86
163,1,103.8489,30.6934,24.33
164,1,104.0884,30.6642,30.5
165,1,103.8026,30.88,10.0
166,1,103.9583,30.9915,21.0
167,1,104.0744,30.7065,12.0
168,1,104.0544,30.5585,21.0
169,1,103.977,30.6306,7.0
170,1,104.0354,30.6893,11.5
171,1,104.0735,30.5578,20.0
172,1,104.2684,30.5439,13.67
173,1,104.0691,30.6092,24.0
174,1,103.6266,30.9677,22.0
175,1,103.8208,30.6557,26.0
176,1,103.9814,30.574,17.0
177,1,104.0348,30.6513,10.0
178,1,103.6414,31.0012,7.5
179,1,104.1844,30.8193,7.0
180,1,104.1743,30.8079,8.0
181,1,103.8365,30.6731,21.0
182,1,103.9001,30.8123,15.5
183,1,104.4457,30.8536,13.0
184,1,104.2828,30.5678,8.5
185,1,103.6585,30.9907,10.8
186,1,104.266,30.5551,7.33
187,1,104.1174,30.6864,33.67
188,1,104.1261,30.6748,17.0
189,1,104.1604,30.6321,13.0
190,1,104.0427,30.5646,21.0
191,1,104.0677,30.5901,60.0
192,1,103.8378,30.6926,10.0
193,1,104.1605,30.8109,20.5
194,1,104.2371,30.5801,54.0
195,1,104.2763,30.585,9.0
196,1,104.112,30.5876,25.0
197,1,104.0494,30.6344,9.0
198,1,104.1507,30.6053,39.5
199,1,104.2999,30.8874,19.0
200,1,104.0255,30.6954,13.0
201,1,103.8855,30.8266,14.0
202,2,103.8975,30.6235,14.0
203,2,103.8757,30.6888,16.5
204,2,103.9044,30.8006,9.0
205,2,103.6705,30.9904,14.0
206,2,103.8527,30.7062,13.0
207,2,103.6364,30.9638,21.0
208,2,104.2707,30.5553,8.0
209,2,104.4637,30.8557,27.0
210,2,104.112,30.6452,26.0
211,2,103.8328,30.6902,10.67
212,2,104.2436,30.581,21.0
213,2,104.0508,30.6274,26.0
214,2,104.1214,30.6328,16.0
215,2,104.1754,30.8385,22.0
216,2,104.1133,30.6756,21.0
217,2,103.6527,30.9929,11.0
218,2,103.9628,30.5753,22.0
219,2,103.6594,31.0267,146.0
220,2,103.66,31.0079,11.0
221,2,104.0608,30.557,14.0
222,2,104.071,30.5691,22.0
223,2,104.2854,30.5778,10.0
224,2,104.0945,30.645,19.0
225,2,104.0582,30.7124,68.0
226,2,104.2681,30.5832,17.0
227,2,104.0825,30.6565,18.0
228,2,103.8957,30.812,11.75
229,2,104.0837,30.6212,7.0
230,2,104.2687,30.8958,9.5
231,2,103.6389,31.0078,10.67
232,2,104.0149,30.5826,24.0
233,2,103.6281,31.0069,19.5
234,2,104.0127,30.6371,15.0
235,2,103.6344,30.9983,8.67
236,2,104.4198,30.8581,18.0
237,2,104.0929,30.5547,24.0
238,2,103.8354,30.7042,26.5
239,2,103.9007,30.8214,14.0
240,2,104.1726,30.8034,27.0
241,2,103.9197,30.5956,14.0
242,2,104.047,30.5075,19.0
243,2,104.0735,30.6891,13.0
244,2,104.1041,30.7103,19.0
245,2,104.2661,30.5706,9.0
246,2,103.6293,30.9885,17.0
247,2,103.9398,30.5761,22.5
248,2,103.9158,30.8052,13.0
249,2,103.6679,30.9764,53.0
250,2,104.0299,30.6969,9.5
251,2,104.1612,30.5939,154.0
252,2,104.061,30.6219,7.0
253,2,103.968,30.5846,17.0
254,2,103.9692,30.6925,19.67
255,2,103.8428,30.6959,9.0
256,2,104.0819,30.4806,22.0
257,2,104.035,30.6405,10.6
258,2,104.0916,30.6674,19.0
259,2,104.0924,30.6833,9.0
260,2,103.9806,30.7766,24.0
261,2,104.0636,30.5041,8.0
262,2,104.1604,30.8221,20.0
263,2,104.2819,30.5613,10.5
264,2,104.0726,30.5591,14.5
265,2,104.0888,30.6321,18.0
266,2,103.8516,30.6867,18.0
267,2,104.1617,30.6353,9.0
268,2,104.0038,30.6308,10.0
269,3,104.1602,30.6554,20.0
270,3,103.9059,30.8081,20.0
271,3,104.0011,30.7125,22.0
272,3,103.9288,30.5683,69.0
273,3,104.0333,30.6536,11.0
274,3,103.9403,30.5803,9.0
275,3,104.0882,30.6324,14.0
276,3,104.062,30.5449,13.0
277,3,104.0465,30.6966,34.5
278,3,104.1121,30.6862,19.0
279,3,104.1256,30.6522,16.0
280,3,103.8211,30.6997,27.0
281,3,103.6379,30.9797,14.33
282,3,103.8588,30.7053,30.0
283,3,104.1025,30.6086,20.0
284,3,103.6691,31.0053,78.0
285,3,103.6471,30.9873,21.8
286,3,103.9033,30.6891,16.0
287,3,104.2655,30.5823,13.0
288,3,103.6374,30.9988,22.0
289,3,103.8548,30.6926,8.0
290,3,104.1519,30.8027,22.0
291,3,104.2543,30.5639,14.0
292,3,104.1463,30.6014,9.0
293,3,103.6586,31.009,11.0
294,3,104.0426,30.5929,12.0
295,3,103.8306,30.7099,100.0
296,3,103.9248,30.6007,19.0
297,3,104.2576,30.5431,83.0
298,3,103.8903,30.8131,33.17
299,3,104.0493,30.6111,18.0
300,3,104.0827,30.6629,13.4
301,3,104.1398,30.6184,76.0
302,3,103.6269,31.0021,15.33
303,3,103.8324,30.6893,12.0
304,3,104.005,30.6501,20.0
305,3,103.8881,30.823,15.0
306,3,104.2652,30.5642,8.0
307,3,104.072,30.5506,11.0
308,3,104.1686,30.8206,9.0
309,3,103.958,30.5727,20.0
310,3,103.9921,30.8306,15.0
311,3,104.1038,30.6805,19.0
312,3,103.9206,30.8645,52.0
313,3,103.975,30.7722,21.5
314,3,104.1673,30.8333,56.5
315,3,103.9761,30.7405,23.0
316,3,104.1266,30.6904,22.0
317,3,104.016,30.6558,9.0
318,3,104.1198,30.7642,21.0
319,3,103.8731,30.6777,25.5
320,3,104.0024,30.6812,8.0
321,3,104.0706,30.6347,16.0
322,3,104.1833,30.7987,31.0
323,3,104.1972,30.7147,58.0
324,3,104.2724,30.8894,6.0
325,3,103.6594,30.9864,15.0
326,3,103.6269,30.9915,9.0
327,3,104.1907,30.8171,16.5
328,3,104.0975,30.6529,10.0
329,3,104.0698,30.591,16.33
330,3,104.1544,30.7563,16.0
331,3,104.0827,30.5905,8.0
332,3,103.7745,30.6745,140.0
333,3,104.0257,30.7135,12.0
334,3,104.0883,30.6934,84.0
335,3,103.9466,30.5906,62.0
336,3,104.0897,30.678,10.0
337,3,104.0107,30.7201,26.0
338,3,103.8382,30.7003,12.5
339,3,104.0335,30.6339,14.0
340,3,104.2708,30.5719,8.0
341,4,104.2598,30.5488,8.0
342,4,103.6596,30.9859,19.0
343,4,104.01,30.665,6.0
344,4,104.0993,30.556,19.0
345,4,104.1405,30.6091,20.0
346,4,103.9887,30.6687,29.67
347,4,104.1211,30.5944,8.0
348,4,103.9843,30.6848,8.0
349,4,104.1683,30.8197,9.0
350,4,104.2832,30.5603,8.5
351,4,103.9958,30.6211,20.0
352,4,103.6508,30.9933,8.5
353,4,104.011,30.6413,15.0
354,4,104.0764,30.7535,7.0
355,4,104.0556,30.6148,13.0
356,4,104.0918,30.5365,24.0
357,4,103.6312,30.9853,10.0
358,4,104.2799,30.5857,15.5
359,4,103.9926,30.7167,24.0
360,4,104.097,30.7078,13.0
361,4,103.8597,30.7049,22.0
362,4,104.1221,30.6485,18.0
363,4,104.0311,30.6863,13.67
364,4,104.1521,30.6666,17.0
365,4,103.9033,30.8188,25.5
366,4,103.9245,30.5662,26.0
367,4,104.0483,30.6335,15.0
368,4,103.8642,30.682,20.0
369,4,103.8376,30.6873,10.0
370,4,104.0937,30.6444,7.0
371,4,104.2701,30.5711,7.0
372,4,104.0815,30.739,79.0
373,4,104.1945,30.8048,14.0
374,4,104.1323,30.6529,8.0
375,4,104.079,30.7014,18.0
376,4,103.8425,30.7078,16.0
377,4,104.0649,30.7005,24.0
378,4,103.6601,31.0089,13.0
379,4,103.993,30.5808,16.0
380,4,103.9395,30.5668,9.0
381,4,103.8312,30.6968,14.0
382,4,104.1635,30.8324,20.0
383,4,104.0981,30.6596,12.25
384,4,103.9707,30.6896,9.0
385,4,104.0529,30.7668,20.0
386,4,104.1451,30.689,39.5
387,4,104.1039,30.6298,26.0
388,4,103.6363,30.9638,19.5
389,4,104.0317,30.6719,20.0
390,4,104.1177,30.6604,11.0
391,4,104.1466,30.6497,24.0
392,4,103.914,30.8093,38.0
393,4,104.0398,30.6103,17.0
394,4,104.0196,30.7136,9.0
395,4,104.1915,30.8165,8.0
396,4,104.0695,30.6522,6.0
397,4,104.0699,30.5528,21.67
398,4,104.27,30.8937,8.0
399,4,104.23,30.5665,19.0
400,5,103.8354,30.6749,20.0
401,5,103.9656,30.6721,25.33
402,5,104.0765,30.597,14.0
403,5,104.0075,30.731,18.0
404,5,104.0729,30.5561,36.5
405,5,103.6386,30.9985,16.5
406,5,104.0134,30.685,5.0
407,5,103.8303,30.71,23.0
408,5,103.8349,30.7236,26.0
409,5,104.1045,30.6602,8.0
410,5,104.1964,30.8069,20.0
411,5,103.6648,31.0076,14.0
412,5,103.6631,30.9941,13.0
413,5,104.0622,30.5335,21.33
414,5,104.0378,30.6532,7.0
415,5,103.9534,30.6907,22.0
416,5,103.9939,30.6814,17.0
417,5,104.4421,30.8535,50.0
418,5,104.036,30.6746,22.0
419,5,103.6218,30.9863,13.0
420,5,104.07,30.6308,7.0
421,5,104.1439,30.6879,50.0
422,5,104.0026,30.659,26.5
423,5,104.1492,30.6622,22.0
424,5,104.0796,30.5476,31.5
425,5,103.8324,30.6893,10.0
426,5,104.0893,30.6753,9.0
427,5,103.8456,30.7163,8.0
428,5,104.0337,30.6386,11.0
429,5,103.86,30.6855,19.0
430,5,104.268,30.5812,15.0
431,5,104.1258,30.6691,10.5
432,5,103.9769,30.7039,22.0
433,5,104.1894,30.8158,14.0
434,5,104.0812,30.6056,27.0
435,5,104.0221,30.6386,15.0
436,5,104.0416,30.7081,10.0
437,5,104.284,30.8817,9.0
438,5,103.65,30.9604,60.0
439,5,103.936,30.5651,8.0
440,5,104.2949,30.576,12.0
441,5,104.0941,30.6669,5.0
442,5,104.1868,30.8259,17.0
443,5,103.7,30.6381,105.0
444,5,103.9992,30.6104,20.0
445,5,104.153,30.8048,62.0
446,5,103.9936,30.6271,8.5
447,5,103.8206,30.6845,61.0
448,5,103.951,30.976,21.0
449,5,103.9157,30.5774,10.0
450,5,104.0728,30.674,14.25
451,5,104.2837,30.5796,7.0
452,5,103.6538,31.0044,12.0
453,5,104.0682,30.5138,9.0
454,5,103.965,30.5847,21.5
455,5,104.0793,30.7011,15.0
456,5,104.278,30.5692,12.5
457,5,103.942,30.5858,22.0
458,5,104.1023,30.6448,22.75
459,5,104.0245,30.6734,69.0
460,5,104.0185,30.717,33.5
461,5,104.1176,30.636,18.0
462,5,103.6656,30.976,65.0
463,5,104.0897,30.6474,14.67
464,5,104.0522,30.6796,9.5
465,5,104.1956,30.5767,19.0
466,5,104.1074,30.6256,9.5
467,5,104.062,30.6997,12.0
468,5,104.0666,30.618,7.0
469,5,103.9909,30.7067,19.0
470,5,104.0268,30.655,9.0
471,5,104.022,30.6983,8.0
472,5,104.0786,30.7173,15.0
473,5,104.0619,30.562,38.0
474,5,103.6306,31.006,17.0
475,5,104.0812,30.5663,20.0
476,5,103.8962,30.808,14.33
477,5,103.6542,30.9881,16.0
478,6,104.0757,30.5965,27.5
479,6,104.0549,30.6709,23.0
480,6,104.1682,30.5917,24.0
481,6,104.2537,30.8804,18.0
482,6,103.8228,30.6853,116.0
483,6,104.0517,30.6418,45.33
484,6,104.0181,30.703,25.75
485,6,103.9179,30.5732,10.0
486,6,104.1091,30.6448,13.0
487,6,103.6522,31.0054,13.0
488,6,104.0376,30.6318,19.0
489,6,104.0415,30.645,43.8
490,6,103.6619,31.0,12.0
491,6,104.0988,30.8211,14.0
492,6,104.1481,30.6817,68.0
493,6,104.0384,30.6743,14.5
494,6,104.0822,30.6548,21.0
495,6,104.2652,30.8929,11.33
496,6,104.1622,30.8003,11.0
497,6,104.0411,30.7129,25.0
498,6,104.0553,30.5666,11.0
499,6,104.0863,30.6444,21.0
500,6,104.2728,30.5594,10.0
501,6,103.981,30.7564,8.0
502,6,104.1922,30.8121,13.0
503,6,104.0315,30.6564,17.5
504,6,104.1211,30.6753,13.5
505,6,104.0956,30.7059,18.0
506,6,103.9959,30.6716,56.0
507,6,104.261,30.5735,6.0
508,6,104.0434,30.5278,21.0
509,6,104.1333,30.6119,14.5
510,6,104.2424,30.5789,10.5
511,6,103.915,30.8072,20.0
512,6,104.0062,30.6808,66.33
513,6,103.9049,30.7918,21.0
514,6,104.1373,30.6904,45.0
515,6,104.1144,30.6284,16.0
516,6,104.111,30.6863,18.0
517,6,103.9907,30.7065,20.0
518,6,104.017,30.6582,7.0
519,6,104.0545,30.6848,48.5
520,6,104.1737,30.8047,21.0
521,6,104.0931,30.6669,17.5
522,6,104.2526,30.8956,11.5
523,6,104.3013,30.5766,22.0
524,6,104.0939,30.7953,12.0
525,6,103.6428,30.9983,7.0
526,6,103.6721,31.0067,6.0
527,6,104.1633,30.8415,45.0
528,6,104.0757,30.627,13.67
529,6,103.9399,30.5759,8.5
530,6,104.225,30.5469,20.0
531,6,103.8081,30.7004,16.0
532,6,104.0275,30.7708,22.0
533,6,103.8456,30.6969,8.0
534,6,104.0089,30.6675,13.5
535,6,104.2625,30.5575,8.0
536,6,104.07,30.5723,21.0
537,6,103.8541,30.6809,18.0
538,6,104.072,30.6444,58.0
539,6,104.2825,30.571,9.8
540,6,103.9623,30.5762,17.0
541,6,104.0551,30.6262,31.75
542,6,104.05,30.5586,30.5
543,6,104.0785,30.5573,74.0
544,6,104.0712,30.6726,69.0
545,6,103.8854,30.8143,13.0
546,6,103.963,30.6763,22.67
547,6,104.0241,30.6918,13.5
548,6,104.0912,30.6846,10.0
549,6,103.9775,30.6291,8.0
550,6,104.0842,30.6739,19.5
551,6,103.6196,30.978,6.0
552,6,104.2738,30.8852,13.0
553,6,104.0812,30.5663,18.0
554,6,104.1435,30.6033,11.0
555,6,103.9052,30.5802,78.0
556,6,103.6335,30.9861,9.0
557,6,103.9372,30.7611,83.0
558,6,103.6709,30.6192,23.0
559,6,103.8477,30.7069,7.0
560,6,104.0515,30.6975,13.33
561,6,103.6613,31.0214,21.0
562,6,104.0975,30.6271,22.33
563,6,104.0616,30.7006,20.5
564,6,104.0756,30.6636,13.0
565,6,104.0437,30.6845,8.5
566,6,103.6596,31.0121,9.0
567,6,103.9919,30.5831,15.5
568,6,103.8426,30.6876,16.67
569,6,103.8912,30.7952,18.0
570,6,103.907,30.813,23.5
571,6,104.125,30.6657,53.0
572,6,104.0997,30.6511,25.0
573,6,104.124,30.6214,14.0
574,6,103.6309,31.0057,7.5
575,6,104.0619,30.5303,14.67
576,6,104.0413,30.5189,5.0
577,6,103.6536,30.9941,7.5
578,6,104.171,30.6065,24.0
579,6,104.1397,30.7189,26.0
580,6,104.1919,30.6593,40.5
581,6,103.8757,30.6887,20.0
582,6,104.1106,30.6752,21.0
583,6,103.9828,30.6863,19.0
584,6,104.112,30.7069,27.75
585,6,104.0524,30.7648,8.0
586,6,104.0307,30.6827,13.0
587,6,104.0543,30.755,17.0
588,6,104.1288,30.7713,20.0
589,6,104.1263,30.6857,91.5
590,6,104.2834,30.5807,6.0
591,6,104.1838,30.8215,10.0
592,6,104.0127,30.6372,16.0
593,6,104.054,30.6619,50.0
594,6,103.6509,30.9759,7.0
595,6,104.0397,30.6102,10.0
596,6,103.8354,30.6753,8.0
597,6,104.0609,30.5556,15.0
598,6,104.1445,30.6504,21.0
599,6,103.6491,31.0178,10.33
600,6,103.877,30.7105,24.0
601,6,104.0641,30.7282,13.0
602,6,103.9761,30.6763,16.0
603,6,103.8554,30.6928,12.67
604,7,104.1723,30.8031,15.0
605,7,104.0659,30.5742,64.0
606,7,103.9238,30.564,8.0
607,7,103.6582,31.0109,9.14
608,7,104.1562,30.678,143.0
609,7,103.671,30.6192,22.0
610,7,104.0512,30.7151,8.0
611,7,103.9691,30.6895,14.5
612,7,104.2726,30.8767,10.0
613,7,104.0825,30.6355,8.0
614,7,103.9117,30.5731,12.33
615,7,104.0709,30.6724,32.5
616,7,104.2415,30.5792,13.67
617,7,103.85,30.6949,13.67
618,7,104.1774,30.8121,13.0
619,7,104.0161,30.7032,12.0
620,7,104.1122,30.6957,11.0
621,7,103.9912,30.691,22.25
622,7,104.0572,30.5346,17.0
623,7,104.2595,30.553,13.67
624,7,103.9056,30.7982,32.33
625,7,104.0664,30.6382,15.0
626,7,103.6184,30.9759,25.0
627,7,104.1081,30.6425,12.0
628,7,104.0555,30.6808,31.0
629,7,103.8779,30.6765,50.0
630,7,103.9808,30.731,14.0
631,7,103.8362,30.674,57.0
632,7,103.9997,30.6284,11.33
633,7,104.0541,30.6198,11.67
634,7,104.171,30.6065,71.0
635,7,104.0246,30.6951,21.0
636,7,104.1064,30.7754,31.0
637,7,104.191,30.8139,9.33
638,7,104.0363,30.6882,14.0
639,7,104.0975,30.6644,19.0
640,7,104.0724,30.6193,13.0
641,7,104.1167,30.6869,13.75
642,7,104.051,30.5177,20.0
643,7,103.6456,30.959,23.0
644,7,104.0686,30.6478,25.0
645,7,104.0392,30.5624,7.0
646,7,103.8352,30.7029,7.0
647,7,104.0176,30.584,13.0
648,7,104.2723,30.5528,10.0
649,7,103.895,30.8074,30.44
650,7,104.0004,30.6092,10.0
651,7,103.9651,30.5852,7.0
652,7,103.6655,30.9777,8.4
653,7,104.0551,30.5599,19.0
654,7,104.2653,30.5643,8.4
655,7,103.9764,30.5998,20.0
656,7,104.0449,30.6818,106.0
657,7,104.0665,30.7304,24.0
658,7,104.2573,30.8874,7.5
659,7,104.091,30.6046,40.0
660,7,104.0406,30.6556,26.67
661,7,103.9272,30.7779,6.0
662,7,103.9933,30.7363,50.0
663,7,104.2649,30.5446,19.0
664,7,103.8466,30.7102,9.0
665,7,104.1259,30.6132,30.0
666,7,103.9138,30.8093,46.75
667,7,103.8298,30.6933,19.25
668,7,104.0613,30.658,33.0
669,7,104.089,30.6526,44.0
670,7,103.66,30.9864,7.5
671,7,103.6191,30.9965,7.0
672,7,103.8412,30.6867,14.83
673,7,103.8764,30.832,21.0
674,7,103.6624,31.0007,9.89
675,7,104.007,30.581,18.0
676,7,103.945,30.7828,14.0
677,7,104.1428,30.6869,23.0
678,7,103.6431,31.0108,14.0
679,7,104.1368,30.6097,13.0
680,7,103.9797,30.7512,14.0
681,7,103.9438,30.5802,75.0
682,7,104.2902,30.5822,14.0
683,7,104.0282,30.6693,20.67
684,7,104.0748,30.658,9.0
685,7,104.0786,30.7016,9.0
686,7,104.1908,30.8284,7.5
687,7,104.1934,30.6536,5.0
688,7,104.0496,30.6975,10.0
689,7,104.2747,30.8989,19.0
690,7,104.0296,30.6448,40.0
691,7,104.0789,30.6,17.25
692,7,104.0375,30.6279,44.67
693,7,103.8755,30.7907,50.0
694,7,104.1615,30.6322,11.5
695,7,104.0756,30.5575,22.0
696,7,104.0007,30.5588,20.0
697,7,103.6507,30.9709,10.25
698,7,104.15,30.8115,29.0
699,7,104.0484,30.6485,11.0
700,7,103.9727,30.7669,67.5
701,7,104.1637,30.6212,21.0
702,7,104.1703,30.7022,12.0
703,7,104.2867,30.5703,8.44
704,7,103.6464,31.002,10.6
705,7,104.1004,30.6848,18.0
706,7,103.8268,30.7203,30.5
707,7,104.0367,30.6089,18.0
708,7,104.1266,30.6583,14.0
709,7,103.8171,30.6864,19.0
710,7,103.8807,30.7022,19.33
711,7,104.1082,30.6633,12.0
712,7,103.9182,30.583,45.0
713,7,103.6358,30.9726,15.0
714,7,104.2588,30.5779,8.5
715,7,104.1575,30.8226,13.67
716,7,104.0969,30.6982,18.5
717,7,104.0469,30.5525,47.0
718,7,103.6489,30.9827,7.75
719,7,104.2715,30.5738,9.0
720,7,104.2817,30.8879,7.25
721,7,104.174,30.8302,17.8
722,7,104.2094,30.8869,8.0
723,7,104.3124,30.604,134.0
724,7,103.6331,30.9847,9.33
725,7,103.9967,30.5793,14.0
726,7,104.0188,30.6488,16.5
727,7,104.0112,30.6695,23.33
728,7,104.084,30.6223,20.0
729,7,104.0431,30.6674,12.0
730,7,103.634,30.998,8.5
731,7,104.0742,30.7699,12.0
732,7,104.0783,30.4996,13.0
733,7,104.0437,30.6362,9.0
734,7,104.1437,30.6737,31.5
735,7,104.1084,30.6147,15.0
736,7,104.065,30.6867,16.5
737,7,103.8505,30.7189,8.0
738,7,103.6433,30.9921,6.0
739,7,103.9759,30.6763,8.0
740,7,104.1761,30.8409,14.0
741,7,103.8691,30.711,24.0
742,7,104.0209,30.7181,10.0
743,7,103.9639,30.6756,6.0
744,7,104.02,30.6846,13.67
745,7,103.8178,30.4165,25.0
746,7,104.2757,30.5622,7.5
747,8,104.1589,30.5904,21.0
748,8,104.0017,30.6894,12.5
749,8,103.8352,30.7184,144.0
750,8,103.9943,30.7191,4.0
751,8,104.1015,30.6204,74.0
752,8,104.2785,30.5778,8.0
753,8,103.6454,31.0128,13.38
754,8,103.6337,30.9809,7.5
755,8,104.0997,30.6415,10.0
756,8,103.635,30.9709,21.0
757,8,103.9793,30.6149,21.0
758,8,104.0732,30.5939,61.67
759,8,104.0929,30.5543,15.0
760,8,104.0145,30.6557,9.0
761,8,103.9724,30.6799,11.0
762,8,103.9179,30.6308,50.0
763,8,103.9875,30.5822,16.0
764,8,103.6426,30.9869,7.5
765,8,104.0294,30.6937,12.25
766,8,103.9065,30.8366,12.0
767,8,104.0914,30.6879,9.67
768,8,104.26,30.553,11.0
769,8,103.8178,30.6934,23.25
770,8,104.292,30.5733,12.6
771,8,104.1872,30.8347,29.0
772,8,103.8963,30.8032,39.4
773,8,104.292,30.8643,16.0
774,8,104.1063,30.6116,63.0
775,8,103.995,30.6812,9.0
776,8,104.0727,30.6244,9.0
777,8,103.6666,30.9971,19.0
778,8,103.8779,30.7062,69.0
779,8,104.2785,30.5675,11.07
780,8,103.6213,30.9873,10.0
781,8,104.1694,30.7098,14.0
782,8,104.0718,30.5395,26.0
783,8,104.1286,30.6854,40.0
784,8,103.6429,31.0025,8.0
785,8,104.0347,30.6428,14.0
786,8,104.0013,30.6684,6.0
787,8,104.0209,30.6636,23.5
788,8,103.645,30.9632,16.14
789,8,104.2463,30.8925,13.0
790,8,103.8516,30.6951,37.7
791,8,103.6818,30.626,37.0
792,8,104.1701,30.6219,20.0
793,8,104.1034,30.6847,8.0
794,8,104.1849,30.8249,32.0
795,8,104.0903,30.7266,14.5
796,8,104.2638,30.5427,12.36
797,8,104.078,30.5082,5.0
798,8,103.9212,30.6035,39.5
799,8,104.0198,30.7177,11.0
800,8,103.901,30.6858,24.0
801,8,104.1505,30.7637,15.0
802,8,103.8641,30.6823,46.0
803,8,104.1561,30.6618,55.0
804,8,103.6548,30.9998,10.5
805,8,104.122,30.6258,20.0
806,8,104.213,30.8868,14.0
807,8,103.9016,30.8214,152.0
808,8,103.9637,30.6434,23.0
809,8,104.1159,30.6774,26.33
810,8,103.6096,30.9816,20.0
811,8,103.6486,30.9784,24.0
812,8,103.9363,30.787,14.0
813,8,103.8452,30.7121,56.4
814,8,103.8417,30.699,47.0
815,8,104.1951,30.8106,13.5
816,8,103.984,30.6236,27.0
817,8,104.1191,30.7053,12.0
818,8,104.0812,30.5663,15.14
819,8,103.9668,30.9769,98.0
820,8,103.9561,30.6005,41.0
821,8,104.2727,30.8957,9.0
822,8,104.0916,30.6685,14.8
823,8,103.6572,30.6396,25.0
824,8,104.123,30.6594,18.67
825,8,103.6674,31.0093,13.0
826,8,103.8715,30.6969,61.57
827,8,103.6647,30.9871,41.5
828,8,104.0034,30.5771,9.0
829,8,104.0113,30.6354,21.0
830,8,104.263,30.892,6.0
831,8,104.2489,30.5808,24.7
832,8,103.9515,30.7818,88.5
833,8,103.8755,30.7163,55.0
834,8,103.8508,30.7291,127.0
835,8,104.0964,30.6602,8.8
836,8,104.0458,30.6733,17.0
837,8,104.1032,30.7166,11.0
838,8,104.1698,30.8199,11.88
839,8,103.9171,30.5854,31.2
840,8,104.0798,30.7027,8.0
841,8,104.0608,30.6435,9.33
842,8,104.0262,30.6722,6.0
843,8,104.1715,30.8406,30.0
844,8,104.4418,30.8612,49.0
845,8,104.0695,30.5818,21.5
846,8,103.9879,30.6044,41.0
847,8,104.1431,30.8083,51.0
848,8,104.1569,30.826,23.0
849,8,104.2956,30.8848,16.0
850,8,103.9035,30.8113,37.4
851,8,104.0252,30.5591,78.0
852,8,104.0176,30.584,45.0
853,8,104.2506,30.5717,19.0
854,8,104.0651,30.6014,6.0
855,8,103.9828,30.6872,27.5
856,8,103.5328,30.5707,6.0
857,8,103.6336,30.9928,7.5
858,8,103.8353,30.6749,49.75
859,8,104.013,30.704,10.0
860,8,104.2802,30.8769,12.5
861,8,104.1311,30.6521,15.33
862,8,103.8309,30.7054,42.36
863,8,103.9301,30.8056,157.0
864,8,104.04,30.5575,15.25
865,8,104.0745,30.6786,26.67
866,8,104.1544,30.8134,50.0
867,8,104.0368,30.6316,19.0
868,8,104.0623,30.6581,16.0
869,8,103.6593,31.0175,14.92
870,8,104.0839,30.6399,4.0
871,8,103.6286,31.0097,9.67
872,8,104.1705,30.8305,12.0
873,8,104.057,30.7317,11.0
874,8,103.8236,30.6832,68.0
875,8,104.0528,30.55,17.0
876,8,104.2733,30.5525,14.0
877,8,103.9753,30.7027,20.0
878,8,103.8923,30.8118,35.0
879,8,104.2124,30.5775,11.5
880,8,103.9653,30.585,10.56
881,8,103.6675,30.9756,16.44
882,8,104.0557,30.533,9.0
883,8,104.0677,30.5544,15.67
884,8,104.1283,30.7741,9.0
885,8,103.9257,30.5948,15.0
886,8,103.9125,30.8017,41.0
887,8,103.877,30.6731,31.5
888,8,103.8543,30.7063,47.0
889,8,103.8454,30.6781,127.0
890,8,103.9542,30.9681,5.0
891,8,104.1455,30.6753,70.0
892,8,104.0526,30.7099,17.0
893,8,104.0142,30.6855,8.5
894,8,104.1375,30.6049,12.5
895,8,104.0487,30.6197,33.67
896,8,104.0771,30.7171,13.0
897,8,104.068,30.6676,20.0
898,8,104.1564,30.6332,9.0
899,8,103.8834,30.6842,27.4
900,8,104.1068,30.5939,20.0
901,8,103.8859,30.8267,49.0
902,8,104.1704,30.8042,39.0
903,8,104.0809,30.5476,35.33
904,8,103.9049,30.7918,51.33
905,8,104.2334,30.5781,65.0
906,8,104.1352,30.6237,21.0
907,8,104.0546,30.5963,5.0
908,8,103.9364,30.5743,7.0
909,8,103.8739,30.8298,53.0
910,8,104.0383,30.6571,24.0
911,8,104.0361,30.7348,24.0
912,8,103.9247,30.815,84.5
913,8,104.0897,30.6134,12.0
914,8,104.0542,30.5636,31.0
915,8,103.9623,30.5762,17.67
916,8,104.0749,30.6579,18.0
917,8,104.0772,30.6108,9.67
918,8,104.1262,30.6698,24.0
919,8,104.2645,30.5769,15.88
920,8,103.9662,30.7644,9.0
921,8,103.8346,30.6912,46.67
922,8,104.0224,30.6434,22.0
923,9,104.1028,30.6046,9.0
924,9,104.1689,30.8218,18.0
925,9,104.2684,30.5703,9.8
926,9,104.2403,30.5738,37.75
927,9,103.9965,30.6618,43.0
928,9,103.9843,30.696,8.0
929,9,104.0736,30.6214,9.0
930,9,104.0196,30.6998,19.0
931,9,104.2666,30.5849,11.0
932,9,103.6308,31.0057,12.5
933,9,104.0788,30.4937,9.0
934,9,104.1536,30.8048,10.0
935,9,104.0628,30.6251,10.8
936,9,103.8748,30.8042,21.0
937,9,104.4204,30.8545,30.0
938,9,104.0376,30.6398,11.6
939,9,103.8516,30.7003,15.0
940,9,103.9001,30.8219,59.0
941,9,104.2648,30.5575,12.0
942,9,103.828,30.7109,53.0
943,9,104.0478,30.6492,8.0
944,9,104.1189,30.7302,16.0
945,9,103.9102,30.567,38.5
946,9,104.0045,30.6726,11.5
947,9,104.018,30.6468,12.0
948,9,104.1193,30.6554,33.0
949,9,103.9963,30.681,16.0
950,9,104.0136,30.5755,37.5
951,9,104.011,30.621,14.0
952,9,104.318,30.6049,9.0
953,9,103.8695,30.7031,44.0
954,9,103.9961,30.5847,20.0
955,9,104.0949,30.6985,13.0
956,9,103.8645,30.7851,74.0
957,9,104.0506,30.6836,17.0
958,9,103.8775,30.674,67.0
959,9,104.0798,30.6648,9.5
960,9,104.0534,30.632,25.0
961,9,104.0669,30.6597,22.67
962,9,104.072,30.7122,15.5
963,9,103.6495,30.9783,11.67
964,9,104.086,30.5294,22.0
965,9,103.9634,30.9873,20.0
966,9,103.8183,30.6939,9.0
967,9,104.1711,30.7083,13.0
968,9,104.2528,30.5786,18.25
969,9,104.0596,30.6426,11.0
970,9,103.8314,30.6451,46.5
971,9,104.069,30.6502,14.5
972,9,104.2928,30.5589,36.5
973,9,104.0518,30.5927,14.0
974,9,104.0967,30.6753,15.0
975,9,104.1095,30.6147,12.0
976,9,103.8429,30.7722,8.0
977,9,104.0131,30.6361,39.33
978,9,104.2116,30.8882,16.0
979,9,104.1116,30.7172,15.0
980,9,104.0401,30.6601,20.0
981,9,103.6397,30.9928,7.0
982,9,104.0387,30.5915,24.0
983,9,104.0817,30.6514,10.5
984,9,104.0237,30.6776,10.5
985,9,103.6528,30.9684,19.0
986,9,103.7012,30.6413,18.0
987,9,104.12,30.6219,40.0
988,9,104.2834,30.5807,7.0
989,9,103.9969,30.6292,15.0
990,9,103.8891,30.8246,34.25
991,9,104.1521,30.6694,15.0
992,9,104.1214,30.689,9.0
993,9,104.2916,30.5337,132.0
994,9,103.6292,30.9864,19.0
995,9,103.8713,30.7122,126.0
996,9,104.2009,30.5893,13.0
997,9,103.9936,30.7358,4.0
998,9,104.1234,30.6774,15.0
999,9,103.9651,30.5852,8.0
1000,9,104.0521,30.5325,11.5
1001,9,103.9684,30.57,15.0
1002,9,104.1979,30.8305,47.0
1003,9,104.0449,30.7214,13.5
1004,9,103.9707,30.9941,17.0
1005,9,104.0855,30.6736,17.57
1006,9,104.0662,30.5388,27.0
1007,9,103.6623,31.0215,27.86
1008,9,104.0757,30.5965,18.0
1009,9,104.1983,30.8042,52.0
1010,9,103.9471,30.9886,9.0
1011,9,103.8742,30.687,13.0
1012,9,104.2859,30.5689,10.33
1013,9,103.8471,30.7109,26.33
1014,9,103.8366,30.704,55.0
1015,9,103.9057,30.811,10.0
1016,9,104.1032,30.6314,13.0
1017,9,104.1304,30.6646,12.0
1018,9,104.2622,30.8967,7.0
1019,9,104.2752,30.8759,7.0
1020,9,104.0963,30.6541,8.0
1021,9,104.0997,30.645,13.0
1022,9,104.4477,30.8569,55.0
1023,9,103.8912,30.7926,15.67
1024,9,103.6212,30.9999,6.0
1025,9,104.0922,30.6338,46.0
1026,9,104.0358,30.6877,26.0
1027,9,103.8448,30.7224,44.67
1028,9,104.1461,30.6021,11.0
1029,9,104.2726,30.8983,7.5
1030,9,104.0878,30.6855,9.0
1031,9,104.1547,30.8348,15.0
1032,9,104.0625,30.6738,7.33
1033,9,104.0807,30.5475,18.0
1034,9,104.1959,30.7087,13.0
1035,9,104.2628,30.8876,8.5
1036,9,104.0389,30.6765,16.0
1037,9,104.0564,30.5795,82.5
1038,9,104.4375,30.851,20.0
1039,9,103.8632,30.6835,48.75
1040,9,104.1419,30.6803,7.0
1041,9,104.0456,30.5608,37.0
1042,9,103.9052,30.8318,97.0
1043,9,104.1768,30.8295,17.75
1044,9,103.6407,31.0026,9.12
1045,9,103.8844,30.6845,83.5
1046,9,103.6641,30.9961,13.0
1047,9,104.0678,30.511,8.5
1048,9,104.1104,30.6463,36.0
1049,9,103.9227,30.5618,123.0
1050,9,104.174,30.8389,15.0
1051,9,103.6468,31.0141,12.2
1052,9,103.8275,30.6986,48.67
1053,9,104.0098,30.6582,143.0
1054,9,104.1872,30.654,32.0
1055,9,103.6647,31.0056,13.17
1056,9,103.9112,30.8027,22.0
1057,9,103.4878,30.5218,17.0
1058,9,104.2665,30.545,9.0
1059,9,103.9617,30.7843,22.5
1060,9,104.0559,30.5186,9.5
1061,9,103.6674,30.9782,14.0
1062,9,103.945,30.8115,23.0
1063,9,104.0176,30.584,17.0
1064,9,104.0798,30.7027,54.0
1065,9,104.0968,30.5528,42.5
1066,9,103.9758,30.6218,66.0
1067,9,103.6334,30.9773,10.86
1068,9,104.0663,30.6055,13.5
1069,9,103.8694,30.8188,11.0
1070,9,103.983,30.6752,23.0
1071,9,104.2758,30.8863,7.0
1072,9,104.276,30.5536,8.0
1073,9,104.1517,30.8147,16.67
1074,9,103.9002,30.8014,11.33
1075,9,104.175,30.81,16.67
1076,9,103.8353,30.6749,25.5
1077,9,104.0753,30.5611,27.75
1078,9,104.1485,30.6283,10.0
1079,9,103.9649,30.7656,24.0
1080,9,104.0612,30.7006,18.0
1081,9,103.9383,30.7866,56.0
1082,9,103.6522,30.9957,11.43
1083,9,104.2904,30.8912,10.0
1084,9,103.8351,30.6905,58.0
1085,9,104.2483,30.5415,47.0
1086,10,104.1092,30.6376,21.0
1087,10,104.0738,30.6377,14.0
1088,10,103.8102,30.885,15.0
1089,10,104.0843,30.5493,7.0
1090,10,104.0674,30.6692,23.0
1091,10,104.2676,30.5827,11.0
1092,10,104.1754,30.8226,20.0
1093,10,104.2877,30.5687,8.0
1094,10,103.962,30.7792,13.0
1095,10,104.2652,30.5639,37.5
1096,10,104.1848,30.6533,21.0
1097,10,104.0049,30.6887,16.5
1098,10,103.8225,30.6845,84.2
1099,10,103.8392,30.7076,58.0
1100,10,104.0404,30.6333,44.0
1101,10,103.912,30.5747,39.0
1102,10,104.0906,30.6612,11.0
1103,10,104.0337,30.6764,16.0
1104,10,103.83,30.7031,45.75
1105,10,104.0555,30.6433,15.67
1106,10,104.0174,30.7016,80.0
1107,10,103.989,30.5715,13.0
1108,10,104.1974,30.8277,80.0
1109,10,104.0128,30.6819,11.0
1110,10,104.0156,30.7146,62.0
1111,10,103.9016,30.806,10.5
1112,10,104.2921,30.5821,31.0
1113,10,104.0201,30.6425,16.33
1114,10,104.0922,30.6488,47.75
1115,10,104.0769,30.5954,12.0
1116,10,104.0065,30.6673,39.5
1117,10,103.8155,30.662,4.0
1118,10,104.1815,30.8095,16.25
1119,10,103.8483,30.7303,61.5
1120,10,104.272,30.8987,10.67
1121,10,104.0542,30.6649,13.0
1122,10,103.9726,30.6978,16.0
1123,10,104.1261,30.6449,57.0
1124,10,104.0176,30.584,13.25
1125,10,103.9276,30.5724,42.25
1126,10,103.8151,30.6995,75.5
1127,10,103.997,30.5565,22.0
1128,10,103.6474,30.9626,53.0
1129,10,103.6622,31.029,40.5
1130,10,103.828,30.7134,5.0
1131,10,104.2718,30.5719,20.0
1132,10,104.0757,30.627,25.0
1133,10,104.1738,30.7119,102.5
1134,10,104.0823,30.6747,34.25
1135,10,103.6338,31.0132,23.0
1136,10,104.0159,30.6572,15.5
1137,10,104.0094,30.5492,25.0
1138,10,103.9327,30.7613,10.0
1139,10,104.1318,30.6525,15.0
1140,10,104.1548,30.6921,54.0
1141,10,104.1039,30.6632,23.0
1142,10,104.0038,30.6555,21.0
1143,10,104.3882,30.8539,16.0
1144,10,103.6356,30.9924,15.0
1145,10,103.9853,30.6528,19.5
1146,10,103.8633,30.7014,118.0
1147,10,103.9633,30.5769,5.5
1148,10,104.1094,30.6069,65.0
1149,10,104.1784,30.791,53.0
1150,10,104.0466,30.696,16.0
1151,10,104.0474,30.7069,10.0
1152,10,103.9918,30.6282,23.0
1153,10,104.2777,30.5629,12.4
1154,10,103.8381,30.7269,12.0
1155,10,103.9063,30.7952,42.0
1156,10,104.2967,30.8833,19.0
1157,10,104.1669,30.6054,121.0
1158,10,103.6235,30.9706,8.67
1159,10,103.6621,31.0163,45.67
1160,10,103.6659,30.9765,35.75
1161,10,103.6653,31.0056,46.33
1162,10,104.4422,30.864,60.0
1163,10,103.9914,30.5838,15.0
1164,10,104.0445,30.5588,61.0
1165,10,104.1424,30.67,5.0
1166,10,104.0527,30.6095,15.0
1167,10,104.2845,30.8563,14.0
1168,10,104.0663,30.6054,16.0
1169,10,103.8629,30.689,46.67
1170,10,104.186,30.8318,13.0
1171,10,104.2686,30.8779,19.0
1172,10,104.0599,30.6225,34.5
1173,10,104.174,30.6264,21.0
1174,10,104.0472,30.6821,37.67
1175,10,104.0282,30.6627,28.0
1176,10,104.0587,30.5551,22.4
1177,10,103.8739,30.8066,82.5
1178,10,103.8859,30.6854,66.0
1179,10,104.2094,30.8637,53.0
1180,10,103.6373,30.9815,49.4
1181,10,104.152,30.7589,7.0
1182,10,104.0604,30.6767,40.5
1183,10,104.1103,30.6493,10.0
1184,10,104.1891,30.8165,16.0
1185,10,104.1599,30.6358,11.75
1186,10,103.8778,30.7017,32.5
1187,10,104.1023,30.7073,24.67
1188,10,103.9694,30.8173,146.0
1189,10,104.0325,30.6265,5.0
1190,10,103.6496,31.001,29.5
1191,10,103.9531,30.7856,35.0
1192,10,103.8443,30.6818,86.0
1193,10,103.9596,30.7331,18.0
1194,10,104.252,30.5398,66.0
1195,10,104.0024,30.6283,8.0
1196,10,103.9775,30.6809,68.67
1197,10,104.0417,30.5842,23.0
1198,10,103.9964,30.6011,21.0
1199,10,103.9938,30.7557,18.0
1200,10,104.0839,30.6106,14.25
1201,10,103.9513,30.7047,88.0
1202,10,103.8369,30.7382,94.0
1203,10,104.1471,30.6053,43.5
1204,10,104.0724,30.5105,6.67
1205,10,104.0771,30.6604,39.0
1206,10,103.9998,30.6117,15.5
1207,10,104.0916,30.6891,62.5
1208,10,104.062,30.5785,95.0
1209,10,104.2665,30.5463,27.0
1210,10,103.9689,30.6876,13.0
1211,10,103.8995,30.818,32.67
1212,10,104.0238,30.6812,41.0
1213,10,104.2493,30.5635,54.0
1214,10,104.2477,30.5812,33.5
1215,10,104.1241,30.6622,35.67
1216,10,104.0799,30.7027,20.0
1217,10,104.2834,30.8985,13.0
1218,10,104.1704,30.8047,52.0
1219,10,104.1311,30.6172,90.0
1220,10,103.9211,30.5856,70.0
1221,10,103.8506,30.7161,35.0
1222,10,104.0147,30.5728,25.0
1223,10,103.8347,30.6893,49.71
1224,10,104.1353,30.6049,15.0
1225,10,103.6541,30.9866,29.75
1226,10,104.122,30.4861,25.0
1227,10,103.6444,31.0121,15.0
1228,10,104.2544,30.8855,12.0
1229,10,104.0528,30.514,15.0
1230,10,103.6483,30.9787,82.0
1231,10,104.2746,30.5542,10.5
1232,10,103.9846,30.7402,72.0
1233,10,104.0327,30.6932,10.5
1234,10,104.1438,30.6354,22.0
1235,10,104.1952,30.7082,21.0
1236,10,104.0474,30.6567,10.67
1237,10,103.8459,30.7006,48.47
1238,10,103.9398,30.5723,51.0
1239,10,104.0759,30.5617,12.0
1240,10,104.116,30.6766,20.5
1241,10,103.8931,30.7924,58.0
1242,11,103.8802,30.8276,23.0
1243,11,104.1081,30.6148,75.0
1244,11,103.9653,30.585,14.6
1245,11,104.4414,30.8514,9.0
1246,11,104.1697,30.8334,11.0
1247,11,104.0434,30.5599,31.5
1248,11,104.1334,30.6642,46.0
1249,11,104.2834,30.5797,20.0
1250,11,104.1534,30.8178,8.0
1251,11,103.8799,30.7019,38.5
1252,11,104.0787,30.7087,4.0
1253,11,103.6409,30.99,52.67
1254,11,104.0329,30.633,127.0
1255,11,104.0784,30.5152,11.0
1256,11,103.6519,30.9709,51.33
1257,11,104.1184,30.6728,28.0
1258,11,104.3011,30.5747,21.0
1259,11,103.6629,30.993,71.5
1260,11,103.9203,30.5752,36.5
1261,11,103.817,30.6892,68.17
1262,11,103.958,30.6009,8.0
1263,11,103.9866,30.5672,25.0
1264,11,104.0116,30.7191,29.0
1265,11,103.6422,31.0147,19.0
1266,11,104.1501,30.6337,16.75
1267,11,104.1581,30.68,157.0
1268,11,104.0942,30.6447,42.67
1269,11,104.0365,30.6544,53.67
1270,11,104.2608,30.8852,8.5
1271,11,104.3284,30.8618,9.0
1272,11,104.0597,30.5329,14.0
1273,11,103.9994,30.6469,7.0
1274,11,103.9084,30.7923,21.0
1275,11,103.9815,30.6496,48.0
1276,11,104.0887,30.6045,88.0
1277,11,104.2041,30.8307,143.0
1278,11,103.8836,30.8174,39.0
1279,11,104.0676,30.6412,25.5
1280,11,104.2721,30.5746,65.0
1281,11,104.3046,30.5877,8.0
1282,11,103.6657,31.0292,8.0
1283,11,104.4146,30.8678,79.0
1284,11,104.2103,30.8883,13.0
1285,11,104.1889,30.8376,127.0
1286,11,104.1082,30.6312,97.0
1287,11,104.0907,30.7,121.0
1288,11,104.15,30.6436,11.5
1289,11,104.109,30.7174,14.0
1290,11,104.1531,30.6217,66.0
1291,11,104.066,30.7203,59.0
1292,11,104.261,30.5735,40.0
1293,11,103.9683,30.6878,26.0
1294,11,103.6182,30.997,14.0
1295,11,103.9704,30.7028,122.0
1296,11,103.8928,30.825,25.33
1297,11,104.2607,30.5498,58.0
1298,11,103.6308,30.9266,21.0
1299,11,104.4144,30.8799,23.0
1300,11,103.8514,30.7291,18.0
1301,11,103.9867,30.7227,49.0
1302,11,104.1125,30.6448,21.0
1303,11,104.194,30.657,27.0
1304,11,104.0848,30.7263,10.0
1305,11,103.6613,31.0077,37.31
1306,11,104.0755,30.5758,14.0
1307,11,104.1532,30.8052,153.0
1308,11,104.0607,30.5862,19.0
1309,11,103.6235,30.9706,77.0
1310,11,104.0747,30.5307,19.5
1311,11,104.117,30.6263,49.8
1312,11,104.2461,30.5352,30.0
1313,11,104.2487,30.8893,10.33
1314,11,104.084,30.6641,38.0
1315,11,104.1608,30.6381,5.0
1316,11,103.8151,30.6993,34.75
1317,11,103.9095,30.7698,28.0
1318,11,103.6473,31.0027,28.75
1319,11,103.9591,30.7795,13.0
1320,11,104.0788,30.6754,7.0
1321,11,103.976,30.6173,15.0
1322,11,103.6512,30.961,58.2
1323,11,104.2847,30.8985,18.0
1324,11,104.0623,30.6651,19.0
1325,11,103.9313,30.5849,152.0
1326,11,104.0822,30.6396,17.0
1327,11,104.0695,30.6939,59.0
1328,11,104.0141,30.6542,60.5
1329,11,103.8317,30.712,80.0
1330,11,103.9198,30.8098,23.0
1331,11,104.2792,30.8856,11.0
1332,11,104.0471,30.5826,4.0
1333,11,104.0701,30.5074,9.0
1334,11,103.922,30.6095,15.0
1335,11,104.042,30.5907,50.0
1336,11,104.0476,30.6577,99.0
1337,11,104.0268,30.658,40.0
1338,11,103.8364,30.7033,36.67
1339,11,103.8432,30.6921,79.0
1340,11,104.0027,30.6558,49.0
1341,11,104.0357,30.6791,95.0
1342,11,104.0588,30.6812,33.25
1343,11,104.1328,30.6419,11.0
1344,11,104.025,30.7155,12.0
1345,11,103.6661,30.9805,33.57
1346,11,104.1006,30.5619,21.0
1347,11,104.0505,30.6444,19.0
1348,11,103.8331,30.6891,46.71
1349,11,104.1523,30.7385,69.0
1350,11,103.9475,30.778,14.0
1351,11,103.8948,30.8158,17.0
1352,11,104.1167,30.5928,112.33
1353,11,104.0483,30.7061,34.67
1354,11,103.9396,30.5777,55.4
1355,11,103.9343,30.7856,17.0
1356,11,104.1601,30.6135,82.5
1357,11,103.6507,30.9807,43.55
1358,11,103.8883,30.7934,39.5
1359,11,103.8786,30.677,45.67
1360,11,104.2451,30.5644,18.0
1361,11,104.0659,30.6099,17.0
1362,11,103.6962,30.6275,18.0
1363,11,104.1012,30.6842,77.5
1364,11,104.4438,30.8619,82.0
1365,11,103.8992,30.7985,25.55
1366,11,103.9617,30.5725,13.0
1367,11,104.0145,30.6744,11.0
1368,11,104.0388,30.6421,85.0
1369,11,104.0178,30.5729,21.0
1370,11,104.0761,30.5959,27.0
1371,11,103.6348,30.9801,48.5
1372,11,104.1802,30.8229,22.33
1373,11,103.6566,31.0181,39.5
1374,11,104.0506,30.6324,34.0
1375,11,104.2677,30.8987,7.0
1376,11,103.8738,30.7112,40.2
1377,11,104.1932,30.8249,25.6
1378,11,103.6326,30.9958,37.12
1379,11,104.0171,30.7017,24.0
1380,11,104.0829,30.6497,26.5
1381,11,104.2685,30.5438,56.0
1382,11,104.1315,30.6533,15.67
1383,11,104.0563,30.5615,72.0
1384,11,104.2966,30.8843,15.67
1385,11,103.8645,30.6927,61.6
1386,11,104.1514,30.5997,12.0
1387,11,104.0355,30.6911,131.0
1388,11,103.876,30.6649,37.0
1389,11,104.0774,30.6106,13.0
1390,11,104.0994,30.6259,68.5
1391,11,104.2861,30.5701,23.88
1392,11,104.0625,30.6315,129.0
1393,11,104.2242,30.5472,20.0
1394,11,103.8175,30.7367,73.0
1395,11,104.0622,30.654,68.67
1396,11,103.8504,30.7029,44.0
1397,11,104.0335,30.6687,141.0
1398,11,103.97,30.79,15.0
1399,11,104.0757,30.627,66.0
1400,11,103.653,30.9899,21.0
1401,11,104.0947,30.6689,25.5
1402,11,104.2735,30.56,22.67
1403,11,104.0775,30.5665,52.0
1404,11,104.0093,30.559,20.0
1405,11,104.0526,30.6893,47.4
1406,11,103.681,30.6409,9.5
1407,12,104.0384,30.6317,27.0
1408,12,104.2252,30.8914,22.0
1409,12,103.8326,30.6996,75.8
1410,12,104.1652,30.8343,26.5
1411,12,104.2582,30.8957,8.0
1412,12,104.1639,30.5885,26.0
1413,12,104.1551,30.819,23.67
1414,12,104.2641,30.5409,54.0
1415,12,104.0757,30.5965,25.5
1416,12,103.9537,30.5996,20.0
1417,12,104.1481,30.635,13.67
1418,12,104.0527,30.5868,25.0
1419,12,103.9153,30.8095,9.0
1420,12,103.8168,30.6871,70.5
1421,12,104.0182,30.6852,29.5
1422,12,104.0883,30.6593,57.0
1423,12,103.8263,30.7191,107.0
1424,12,104.1083,30.6157,93.0
1425,12,103.9886,30.702,14.0
1426,12,103.638,30.9661,64.2
1427,12,104.1311,30.6546,33.0
1428,12,104.0549,30.6254,12.0
1429,12,104.1149,30.7068,17.5
1430,12,104.175,30.8189,13.0
1431,12,103.6857,30.6223,57.0
1432,12,104.1789,30.7968,58.0
1433,12,103.998,30.6084,73.33
1434,12,104.1518,30.7386,91.5
1435,12,103.9653,30.585,37.25
1436,12,103.8378,30.7471,109.0
1437,12,104.0778,30.6745,92.0
1438,12,104.0822,30.6326,31.67
1439,12,103.6428,31.0109,39.67
1440,12,104.0912,30.6403,30.0
1441,12,104.2805,30.5786,27.4
1442,12,104.0789,30.5646,37.0
1443,12,103.6476,30.9875,55.14
1444,12,104.0947,30.6045,83.0
1445,12,103.7807,30.6783,9.67
1446,12,104.1305,30.8039,55.67
1447,12,104.0897,30.6889,22.67
1448,12,104.0834,30.6236,20.0
1449,12,104.1522,30.6224,24.0
1450,12,104.1262,30.6194,94.0
1451,12,104.0353,30.6419,60.0
1452,12,104.078,30.6917,3.0
1453,12,104.0973,30.5562,10.0
1454,12,103.8904,30.8132,40.67
1455,12,104.0757,30.7181,20.0
1456,12,104.0531,30.5489,21.0
1457,12,104.0304,30.7156,13.0
1458,12,103.6701,31.0205,110.5
1459,12,104.1996,30.8158,90.0
1460,12,104.0526,30.6674,131.0
1461,12,103.9568,30.7768,5.0
1462,12,103.864,30.6925,53.25
1463,12,103.9764,30.6342,36.0
1464,12,103.8832,30.7043,20.0
1465,12,104.2416,30.5782,12.67
1466,12,103.9281,30.578,52.5
1467,12,104.0507,30.6466,21.0
1468,12,103.6513,30.9595,55.0
1469,12,104.2586,30.5524,36.0
1470,12,103.9644,30.6777,20.0
1471,12,104.466,30.8697,36.5
1472,12,103.8859,30.6829,91.0
1473,12,104.0973,30.664,23.0
1474,12,104.0672,30.5818,15.0
1475,12,104.1752,30.838,36.67
1476,12,103.8697,30.7101,68.1
1477,12,103.6494,30.9966,55.14
1478,12,104.0756,30.5401,21.0
1479,12,104.0453,30.6907,21.0
1480,12,104.0246,30.6959,22.0
1481,12,103.6889,30.6312,80.0
1482,12,104.1353,30.6049,82.5
1483,12,103.7029,30.6201,138.0
1484,12,104.2722,30.5529,43.5
1485,12,103.8127,30.7168,46.0
1486,12,103.6691,30.9985,62.5
1487,12,104.0756,30.6636,35.0
1488,12,104.0652,30.6508,40.43
1489,12,104.2583,30.5693,27.0
1490,12,103.6582,30.9813,70.5
1491,12,104.0738,30.6099,15.6
1492,12,104.1894,30.8091,13.5
1493,12,103.8539,30.6986,48.0
1494,12,104.1587,30.6142,43.5
1495,12,104.1554,30.6444,59.0
1496,12,104.1051,30.6543,43.0
1497,12,103.6636,31.0067,63.92
1498,12,103.9837,30.7242,23.5
1499,12,104.2725,30.8838,13.0
1500,12,104.0349,30.5945,21.0
1501,12,104.2099,30.8825,52.0
1502,12,103.9074,30.7989,21.33
1503,12,103.9969,30.7201,36.33
1504,12,103.8262,30.6496,35.0
1505,12,104.2465,30.5468,59.5
1506,12,103.6309,31.0049,39.5
1507,12,103.8873,30.8227,17.5
1508,12,103.8893,30.7663,58.0
1509,12,104.0206,30.7112,39.0
1510,12,103.6195,30.9202,19.25
1511,12,104.0883,30.67,34.5
1512,12,103.9819,30.6863,19.67
1513,12,104.1187,30.6728,34.0
1514,12,103.6369,30.9928,55.67
1515,12,103.9626,30.5749,18.75
1516,12,103.939,30.7787,49.5
1517,12,103.9818,30.5606,104.0
1518,12,103.8389,30.6796,84.0
1519,12,104.0798,30.7029,21.6
1520,12,104.2781,30.8945,15.67
1521,12,104.1473,30.807,11.0
1522,12,104.0382,30.6572,64.5
1523,12,103.8967,30.8054,53.33
1524,12,104.2661,30.5841,51.0
1525,12,103.9261,30.6887,19.0
1526,12,104.0433,30.5617,12.0
1527,12,103.6332,30.9834,38.43
1528,12,104.0075,30.6475,58.0
1529,12,103.8801,30.6751,55.0
1530,12,104.1084,30.6789,63.6
1531,12,104.0726,30.5495,18.5
1532,12,104.0124,30.6759,29.0
1533,12,104.2979,30.8847,14.0
1534,12,104.0345,30.6687,37.0
1535,12,104.0613,30.5946,70.0
1536,12,104.16,30.5712,64.0
1537,12,103.9014,30.7683,38.5
1538,12,104.2692,30.5724,135.0
1539,12,103.8876,30.8388,81.0
1540,12,103.9183,30.6225,14.0
1541,12,103.6503,30.9746,38.5
1542,12,103.965,30.7654,20.0
1543,12,104.2781,30.564,25.92
1544,12,104.1944,30.828,32.0
1545,12,104.0393,30.6782,34.0
1546,12,103.898,30.5914,21.0
1547,12,104.0634,30.4924,20.0
1548,12,104.0202,30.6501,11.0
1549,12,104.0421,30.7129,4.5
1550,12,103.8324,30.6893,23.83
1551,12,104.291,30.8649,19.0
1552,12,104.0146,30.564,26.5
1553,12,104.1155,30.6472,43.0
1554,12,103.8734,30.8055,46.0
1555,12,104.0615,30.6778,91.33
1556,12,103.6554,31.0234,132.0
1557,12,103.9073,30.5792,13.0
1558,12,103.6189,30.9985,46.0
1559,12,103.9313,30.5874,12.0
1560,12,104.2539,30.881,20.0
1561,12,104.0751,30.5736,19.0
1562,12,104.1808,30.7055,22.0
1563,12,104.0125,30.7039,49.33
1564,12,103.8477,30.7069,32.33
1565,12,103.6755,30.6267,23.0
1566,12,104.1002,30.6878,12.0
1567,12,104.2895,30.5715,54.0
1568,12,104.1098,30.6311,43.0
1569,13,103.6577,31.0205,51.17
1570,13,104.0659,30.6733,21.0
1571,13,104.1156,30.7277,25.0
1572,13,104.0865,30.6296,128.0
1573,13,103.9413,30.8,94.0
1574,13,103.6335,30.9914,57.56
1575,13,103.9998,30.5584,26.0
1576,13,103.8612,30.6936,46.0
1577,13,104.1018,30.645,10.0
1578,13,103.6538,30.9869,59.77
1579,13,103.6156,30.9136,23.0
1580,13,104.1202,30.6871,13.0
1581,13,103.9634,30.5766,14.71
1582,13,104.1711,30.6514,26.0
1583,13,103.9675,30.5887,27.0
1584,13,104.1734,30.7014,46.0
1585,13,104.2895,30.5713,21.5
1586,13,103.9708,30.6896,4.0
1587,13,104.1435,30.6361,10.0
1588,13,104.0823,30.4971,13.0
1589,13,103.8911,30.5807,23.0
1590,13,104.0809,30.6913,15.0
1591,13,103.8518,30.7003,46.0
1592,13,103.8369,30.6895,61.5
1593,13,103.6328,30.9734,90.25
1594,13,103.9743,30.6161,14.0
1595,13,104.2658,30.584,30.0
1596,13,104.265,30.5403,33.5
1597,13,104.2258,30.5294,103.0
1598,13,104.1616,30.8288,26.0
1599,13,104.272,30.8841,10.5
1600,13,103.9799,30.7629,12.0
1601,13,104.0687,30.6939,16.0
1602,13,104.0837,30.6196,53.0
1603,13,103.9816,30.6938,6.0
1604,13,104.448,30.8591,58.0
1605,13,104.0812,30.5663,43.5
1606,13,103.9188,30.5637,55.5
1607,13,104.0758,30.6778,74.14
1608,13,104.1224,30.5944,27.0
1609,13,104.1612,30.8163,44.71
1610,13,104.4213,30.8655,88.0
1611,13,103.6458,30.9793,87.33
1612,13,104.0694,30.5827,144.0
1613,13,104.0453,30.7094,13.0
1614,13,104.0307,30.6921,18.0
1615,13,104.0677,30.5983,87.0
1616,13,103.8757,30.8302,39.0
1617,13,104.2109,30.8873,21.0
1618,13,104.1032,30.668,49.67
1619,13,103.6617,31.0049,61.6
1620,13,104.1266,30.7664,20.0
1621,13,103.954,30.498,15.0
1622,13,104.147,30.6231,19.0
1623,13,104.1482,30.8061,21.33
1624,13,104.2464,30.5396,20.5
1625,13,103.6602,30.97,73.0
1626,13,103.8336,30.677,26.0
1627,13,104.172,30.8362,49.0
1628,13,103.9032,30.8115,19.0
1629,13,104.0922,30.6917,99.0
1630,13,103.8698,30.7101,52.4
1631,13,104.2079,30.7428,24.0
1632,13,104.2495,30.8863,10.5
1633,13,103.6625,30.9953,67.07
1634,13,103.8885,30.68,22.0
1635,13,103.9016,30.6831,49.0
1636,13,104.0437,30.6724,67.0
1637,13,104.0923,30.6789,36.0
1638,13,103.9482,30.7796,58.0
1639,13,104.2624,30.5509,81.0
1640,13,104.1708,30.6131,5.0
1641,13,104.0819,30.6039,15.0
1642,13,104.1053,30.4891,27.0
1643,13,103.818,30.7002,25.33
1644,13,104.0339,30.6756,77.0
1645,13,103.8212,30.6915,16.0
1646,13,104.1016,30.6201,14.0
1647,13,104.1625,30.6731,17.0
1648,13,103.8808,30.7047,59.0
1649,13,103.6432,30.9964,56.5
1650,13,104.2563,30.5726,38.0
1651,13,104.2083,30.821,31.33
1652,13,103.9133,30.8092,44.0
1653,13,104.0691,30.6301,92.0
1654,13,104.1879,30.825,42.8
1655,13,103.6546,30.9582,25.0
1656,13,104.0562,30.6172,20.0
1657,13,104.0325,30.6504,51.83
1658,13,103.7702,30.8139,33.0
1659,13,104.0601,30.5074,14.0
1660,13,104.013,30.5538,28.67
1661,13,104.1615,30.6339,40.0
1662,13,103.6236,31.0036,78.0
1663,13,103.999,30.6362,13.0
1664,13,104.1532,30.7863,73.0
1665,13,104.2565,30.879,25.0
1666,13,104.0265,30.6691,180.0
1667,13,104.2864,30.878,13.0
1668,13,104.2819,30.5584,53.0
1669,13,104.0495,30.506,20.0
1670,13,104.1553,30.6914,133.0
1671,13,104.1141,30.6442,75.5
1672,13,104.1038,30.6829,58.0
1673,13,104.2723,30.5543,39.75
1674,13,103.6367,30.9639,84.5
1675,13,103.9006,30.7981,40.0
1676,13,104.179,30.8199,89.0
1677,13,103.8712,30.6872,60.5
1678,13,103.7996,30.7043,166.0
1679,13,104.2777,30.568,22.11
1680,13,103.6352,31.0152,89.6
1681,13,103.8839,30.7933,23.0
1682,13,103.6756,30.6281,47.0
1683,13,103.9978,30.682,7.0
1684,13,104.0542,30.7039,49.0
1685,13,104.2834,30.5806,35.5
1686,13,103.877,30.6762,58.0
1687,13,104.016,30.5755,147.0
1688,13,104.0194,30.6222,47.0
1689,13,103.9967,30.604,8.0
1690,13,104.0528,30.5623,31.0
1691,13,103.891,30.8081,49.33
1692,13,104.1237,30.6663,19.0
1693,13,104.0567,30.6677,47.86
1694,13,104.1156,30.6589,5.0
1695,13,104.0654,30.6515,61.0
1696,13,104.2747,30.8989,14.25
1697,13,104.2596,30.8964,12.0
1698,13,103.9576,30.7878,9.0
1699,13,103.6165,30.9767,52.0
1700,13,103.8383,30.7022,110.5
1701,13,103.9934,30.6167,34.0
1702,13,103.8712,30.698,145.0
1703,13,104.1023,30.6948,44.75
1704,13,104.0976,30.6559,86.0
1705,13,103.9153,30.6176,64.33
1706,13,104.0872,30.6683,33.83
1707,13,104.0544,30.6853,11.5
1708,13,104.1282,30.6226,113.5
1709,13,104.0002,30.7467,8.0
1710,13,104.3005,30.8896,11.0
1711,13,103.9795,30.5698,17.0
1712,13,103.851,30.7167,113.75
1713,13,104.1197,30.7099,59.0
1714,13,104.2728,30.5762,103.0
1715,13,104.0792,30.7012,22.0
1716,13,104.0196,30.7134,32.33
1717,13,103.9763,30.6327,48.0
1718,13,104.1405,30.5767,25.0
1719,13,104.0091,30.683,33.0
1720,13,104.1135,30.6241,116.0
1721,13,103.8841,30.8193,44.67
1722,13,104.0951,30.5552,67.0
1723,13,103.8286,30.7062,41.67
1724,13,104.0659,30.6832,25.0
1725,13,104.0754,30.5416,16.0
1726,13,104.1237,30.6132,15.0
1727,13,103.9149,30.5793,17.0
1728,13,103.9659,30.9937,50.0
1729,13,104.0596,30.5907,7.5
1730,13,104.2357,30.577,12.0
1731,13,104.0398,30.6364,69.67
1732,13,104.0894,30.6425,142.0
1733,13,103.9401,30.5714,66.5
1734,13,103.8574,30.8213,65.25
1735,13,104.0184,30.6511,32.0
1736,13,104.0558,30.6421,23.0
1737,13,104.0566,30.5387,19.67
1738,13,104.1804,30.811,28.67
1739,13,104.0668,30.6178,45.0
1740,13,103.6864,30.6304,55.0
1741,13,103.6702,31.0206,90.0
1742,13,104.1381,30.6061,77.0
1743,13,103.4979,30.9256,22.0
1744,13,103.8821,30.69,36.0
1745,13,104.1189,30.6334,20.0
1746,13,103.949,30.5597,19.5
1747,13,103.6787,30.9876,37.0
1748,13,104.0571,30.6314,26.5
1749,13,104.0829,30.6592,23.5
1750,14,104.2638,30.8932,9.67
1751,14,104.057,30.5948,139.0
1752,14,103.6749,31.0079,46.0
1753,14,103.6173,30.9899,60.5
1754,14,103.836,30.6989,46.57
1755,14,104.2308,30.5567,23.0
1756,14,104.2729,30.5588,15.11
1757,14,104.0914,30.6884,62.0
1758,14,103.9953,30.7577,26.0
1759,14,103.9423,30.7836,79.0
1760,14,103.6604,30.9867,56.75
1761,14,104.1589,30.7964,62.0
1762,14,104.1369,30.6655,82.0
1763,14,104.02,30.7126,52.0
1764,14,103.6221,31.0013,67.67
1765,14,104.1697,30.6538,104.5
1766,14,103.9039,30.791,37.0
1767,14,103.9439,30.8112,76.5
1768,14,103.6341,31.0128,44.0
1769,14,104.0782,30.5116,5.5
1770,14,103.8756,30.6989,19.25
1771,14,103.8641,30.6823,63.5
1772,14,104.2747,30.8989,13.0
1773,14,104.1984,30.8039,47.0
1774,14,104.1817,30.7057,11.0
1775,14,104.0729,30.5216,19.0
1776,14,103.9623,30.5762,10.0
1777,14,104.1053,30.7201,16.0
1778,14,104.1504,30.8023,51.0
1779,14,104.3008,30.8545,23.0
1780,14,103.9344,30.7626,68.0
1781,14,104.0729,30.6549,75.0
1782,14,103.9001,30.8085,33.73
1783,14,104.2663,30.9047,18.0
1784,14,104.2455,30.8942,17.0
1785,14,104.1169,30.5982,49.0
1786,14,104.1126,30.6504,28.0
1787,14,103.6498,30.9601,67.0
1788,14,103.6331,30.9824,73.5
1789,14,104.1509,30.6337,18.0
1790,14,104.0487,30.701,8.0
1791,14,104.1227,30.6302,58.0
1792,14,104.1041,30.6802,52.0
1793,14,104.281,30.5862,62.0
1794,14,104.0644,30.6216,36.33
1795,14,104.2987,30.885,7.0
1796,14,103.6656,31.0164,61.0
1797,14,103.9715,30.7482,11.0
1798,14,103.6375,30.9973,13.67
1799,14,104.1626,30.8432,91.0
1800,14,104.0657,30.6094,90.5
1801,14,104.1526,30.7388,53.0
1802,14,103.9106,30.803,15.0
1803,14,104.1619,30.8248,62.0
1804,14,104.0631,30.6728,53.57
1805,14,104.1931,30.8138,11.0
1806,14,103.8588,30.7768,24.0
1807,14,103.8889,30.8256,31.0
1808,14,104.279,30.5674,15.38
1809,14,104.1628,30.6298,19.0
1810,14,104.0173,30.6372,57.0
1811,14,104.0897,30.6134,48.0
1812,14,104.2888,30.8768,17.5
1813,14,103.8577,30.8217,66.0
1814,14,103.6874,30.6253,19.0
1815,14,104.0896,30.6428,30.0
1816,14,104.0912,30.6646,13.33
1817,14,104.0687,30.5833,80.0
1818,14,104.2413,30.579,58.5
1819,14,104.0416,30.7076,28.0
1820,14,104.0994,30.4901,8.0
1821,14,104.2562,30.5778,28.62
1822,14,104.1957,30.8321,53.0
1823,14,103.8719,30.6656,71.0
1824,14,103.6223,30.9714,87.0
1825,14,103.8168,30.6884,49.0
1826,14,104.2118,30.8881,139.0
1827,14,103.6598,31.0086,69.71
1828,14,104.1636,30.5864,22.0
1829,14,103.8992,30.8195,57.0
1830,14,104.2051,30.585,20.5
1831,14,103.6553,30.978,145.0
1832,14,104.2098,30.8211,59.67
1833,14,104.0002,30.6736,29.0
1834,14,103.9537,30.7817,42.5
1835,14,104.0782,30.6342,22.5
1836,14,104.1197,30.6706,48.0
1837,14,103.8145,30.7471,26.0
1838,14,104.083,30.6944,46.0
1839,14,104.0386,30.7248,21.0
1840,14,104.0439,30.6289,71.0
1841,14,103.6627,30.9994,81.0
1842,14,103.6416,30.9757,81.67
1843,14,104.2641,30.572,9.0
1844,14,104.0757,30.5965,22.4
1845,14,104.1512,30.6039,56.5
1846,14,104.1154,30.7037,60.5
1847,14,104.2886,30.5711,53.0
1848,14,103.9814,30.5725,11.0
1849,14,103.9237,30.5877,40.33
1850,14,104.0995,30.6584,88.0
1851,14,104.0726,30.5495,46.0
1852,14,103.6663,30.9766,34.75
1853,14,104.186,30.8268,30.17
1854,14,104.2691,30.8849,6.5
1855,14,103.6517,30.9944,61.18
1856,14,104.1798,30.8146,8.0
1857,14,104.1033,30.709,54.0
1858,14,103.9633,30.6892,43.0
1859,14,104.291,30.5819,34.67
1860,14,104.2648,30.5833,24.0
1861,14,104.0608,30.6313,10.0
1862,14,104.044,30.5936,82.0
1863,14,104.014,30.5619,29.5
1864,14,104.2496,30.5414,23.67
1865,14,104.2817,30.8879,15.0
1866,14,103.8427,30.7081,40.0
1867,14,104.0051,30.6835,16.0
1868,14,103.8871,30.8159,44.67
1869,14,104.0547,30.6506,39.33
1870,14,104.4211,30.8619,55.0
1871,14,104.0726,30.6681,103.5
1872,14,103.8337,30.6818,48.0
1873,14,104.0837,30.6768,80.5
1874,14,104.06,30.709,34.0
1875,14,104.0808,30.5637,59.86
1876,14,103.9287,30.8075,62.0
1877,14,104.1047,30.6354,59.5
1878,14,104.1088,30.6677,23.0
1879,14,104.4419,30.8618,18.0
1880,14,104.0627,30.557,50.5
1881,14,104.1414,30.5956,26.0
1882,14,104.047,30.6805,57.0
1883,14,103.8363,30.7382,26.0
1884,14,104.0786,30.6179,13.5
1885,14,103.676,30.6214,18.5
1886,14,103.8457,30.7212,53.0
1887,14,104.0216,30.6609,39.0
1888,14,103.6512,31.0173,22.0
1889,14,103.866,30.695,37.5
1890,14,103.8499,30.6843,70.0
1891,14,103.835,30.7239,19.0
1892,14,103.9647,30.6456,11.0
1893,14,104.0205,30.6955,24.0
1894,14,103.895,30.6797,22.0
1895,14,103.8645,30.8359,72.33
1896,14,103.9856,30.7278,84.0
1897,14,104.1017,30.6098,82.0
1898,14,104.2659,30.5461,18.71
1899,14,104.0384,30.6468,10.0
1900,14,104.059,30.6611,43.0
1901,14,103.9846,30.6569,63.0
1902,14,103.9256,30.5728,27.2
1903,14,103.6603,31.0252,13.0
1904,14,104.0547,30.5794,70.5
1905,14,104.1749,30.8299,75.0
1906,14,103.8695,30.7099,82.5
1907,14,104.0156,30.6697,130.0
1908,14,104.0167,30.6808,87.5
1909,14,103.8769,30.6736,129.0
1910,14,103.6465,31.0079,31.0
1911,14,104.1377,30.6921,60.0
1912,14,104.15,30.8115,47.0
1913,15,103.6917,30.6519,8.0
1914,15,104.0233,30.6433,54.0
1915,15,103.9329,30.5823,10.0
1916,15,104.0388,30.657,60.0
1917,15,103.9139,30.5621,55.0
1918,15,103.644,30.9918,66.88
1919,15,104.0797,30.7,76.0
1920,15,104.2509,30.5743,17.0
1921,15,103.6287,31.0066,73.57
1922,15,104.0511,30.7082,32.0
1923,15,103.9537,30.7817,9.0
1924,15,103.648,30.9623,48.6
1925,15,104.2617,30.8845,9.57
1926,15,104.1214,30.6616,42.5
1927,15,104.0756,30.6636,22.12
1928,15,103.6381,30.9722,11.0
1929,15,104.0376,30.5676,21.0
1930,15,103.9986,30.6741,14.0
1931,15,104.1572,30.8198,22.5
1932,15,104.0337,30.6686,16.5
1933,15,103.6626,31.0224,55.6
1934,15,103.6524,31.0042,49.5
1935,15,104.0285,30.6536,24.0
1936,15,104.0707,30.6305,15.5
1937,15,104.0703,30.6522,40.43
1938,15,103.8285,30.6943,66.71
1939,15,104.0135,30.5615,152.0
1940,15,103.6558,30.9744,73.0
1941,15,103.9,30.8207,56.0
1942,15,104.2127,30.5814,14.0
1943,15,103.6488,30.9811,52.75
1944,15,103.9228,30.5724,57.0
1945,15,103.8767,30.6915,70.5
1946,15,103.9002,30.8014,42.0
1947,15,103.8462,30.6774,61.5
1948,15,104.0494,30.6344,29.0
1949,15,103.8477,30.7209,136.0
1950,15,104.0363,30.6224,24.5
1951,15,104.0075,30.6799,27.5
1952,15,103.8316,30.6713,59.5
1953,15,104.049,30.6488,23.0
1954,15,103.9653,30.585,8.0
1955,15,103.9908,30.5851,27.0
1956,15,104.0405,30.722,11.0
1957,15,103.6742,30.9787,57.5
1958,15,104.081,30.5584,19.6
1959,15,104.0829,30.5927,79.0
1960,15,104.0736,30.6393,29.0
1961,15,104.0546,30.5642,56.0
1962,15,104.2657,30.5801,8.5
1963,15,104.2869,30.5589,14.0
1964,15,104.0721,30.5526,52.0
1965,15,104.0611,30.6397,13.0
1966,15,104.0923,30.6569,48.0
1967,15,103.9906,30.6054,27.0
1968,15,104.1811,30.4425,18.0
1969,15,103.8423,30.6882,43.0
1970,15,103.6916,30.6104,22.0
1971,15,103.9957,30.5608,77.0
1972,15,103.6189,30.9703,53.0
1973,15,104.2442,30.5377,28.67
1974,15,104.1225,30.6233,8.0
1975,15,103.8927,30.6844,76.0
1976,15,103.617,30.9984,56.0
1977,15,104.0086,30.6384,11.0
1978,15,104.0602,30.5277,14.0
1979,15,103.9779,30.5692,7.0
1980,15,104.1255,30.6844,17.0
1981,15,104.1414,30.5956,35.5
1982,15,104.2718,30.8988,8.33
1983,15,104.0834,30.6144,38.0
1984,15,104.0248,30.6631,14.0
1985,15,103.8876,30.7939,23.0
1986,15,104.2715,30.572,19.8
1987,15,103.96,30.6742,17.0
1988,15,103.8173,30.696,94.5
1989,15,103.9051,30.8105,14.0
1990,15,104.054,30.6726,41.0
1991,15,104.2586,30.5597,19.5
1992,15,103.9073,30.5476,132.0
1993,15,103.8235,30.6842,39.0
1994,15,104.0605,30.5367,8.0
1995,15,103.9116,30.8027,9.0
1996,15,104.014,30.729,126.0
1997,15,104.2069,30.8699,7.0
1998,15,104.1093,30.6794,76.0
1999,15,104.0183,30.5833,15.0
2000,15,104.0655,30.6117,34.33
2001,15,104.144,30.6375,28.5
2002,15,104.0626,30.5946,42.0
2003,15,104.1635,30.8111,29.0
2004,15,103.681,30.6246,8.0
2005,15,104.2794,30.8754,10.0
2006,15,103.983,30.6759,28.0
2007,15,103.6117,30.8967,21.0
2008,15,103.8252,30.7163,76.0
2009,15,103.8324,30.7285,8.0
2010,15,104.0479,30.6199,32.0
2011,15,103.8521,30.7005,51.55
2012,15,103.6655,30.6391,57.0
2013,15,104.2398,30.5744,18.83
2014,15,103.6353,30.9973,61.25
2015,15,103.9778,30.7549,24.0
2016,15,103.9354,30.5648,9.0
2017,15,104.2606,30.5693,11.0
2018,15,104.0534,30.6897,34.25
2019,15,104.1452,30.7999,21.0
2020,15,104.0846,30.6721,43.0
2021,15,103.9429,30.5791,20.67
2022,15,104.0261,30.6952,56.5
2023,15,104.0313,30.7123,5.0
2024,15,104.0979,30.6271,78.5
2025,15,103.969,30.7663,4.0
2026,15,103.9912,30.6279,18.5
2027,15,104.1458,30.6271,166.0
2028,15,104.0387,30.6378,20.0
2029,15,104.0848,30.6495,27.5
2030,15,103.9136,30.5794,26.5
2031,15,103.9623,30.5762,16.88
2032,15,104.1947,30.8325,11.0
2033,15,104.1863,30.8225,14.5
2034,15,103.6553,30.9896,68.75
2035,15,103.9101,30.6419,24.0
2036,15,104.1111,30.6929,14.5
2037,15,104.1996,30.8053,48.5
2038,15,103.889,30.8125,22.71
2039,15,103.9829,30.6407,15.0
2040,15,103.9805,30.7341,15.0
2041,15,104.2801,30.5856,24.33
2042,15,103.8396,30.7045,46.25
2043,15,103.6656,31.0013,100.5
2044,15,104.2572,30.8958,9.0
2045,15,104.1706,30.8322,61.0
2046,15,104.2081,30.8192,27.5
2047,15,103.6644,31.0122,36.75
2048,15,104.2759,30.5545,9.0
2049,15,103.9686,30.6156,58.0
2050,15,103.87,30.7103,31.0
2051,15,103.8653,30.7888,47.0
2052,15,104.1834,30.7989,57.0
2053,15,104.2686,30.5448,13.67
2054,15,103.6286,30.9864,69.09
2055,15,104.0997,30.6914,44.0
2056,15,104.0351,30.6891,6.0
2057,15,103.945,30.8115,53.0
2058,15,103.8618,30.6941,30.5
2059,15,104.0531,30.5848,129.0
2060,15,103.6678,30.9902,86.67
2061,15,103.8664,30.6847,31.0
2062,15,104.0276,30.5901,28.0
2063,15,104.0631,30.6857,14.0
2064,15,104.15,30.6451,162.0
2065,15,103.6417,31.0138,53.67
2066,15,104.2898,30.5739,10.4
2067,15,104.0837,30.6323,33.0
2068,15,104.0239,30.6207,38.0
2069,15,104.0609,30.6274,38.0
2070,16,104.1566,30.8105,37.0
2071,16,104.0602,30.5611,35.0
2072,16,104.0384,30.5309,20.0
2073,16,104.2353,30.576,11.8
2074,16,103.8468,30.6898,55.0
2075,16,104.1056,30.6315,31.5
2076,16,103.9456,30.7129,20.0
2077,16,104.0161,30.7032,12.0
2078,16,103.9911,30.5782,7.0
2079,16,103.9939,30.558,82.0
2080,16,104.2687,30.8983,14.0
2081,16,104.0221,30.6918,23.0
2082,16,103.6305,31.0139,40.0
2083,16,104.047,30.6967,24.5
2084,16,103.9485,30.988,18.0
2085,16,104.2894,30.5696,10.4
2086,16,103.8303,30.6922,42.6
2087,16,104.1443,30.6622,27.0
2088,16,104.4671,30.868,25.0
2089,16,104.2542,30.8859,12.0
2090,16,104.0328,30.6306,12.0
2091,16,103.8223,30.6592,109.0
2092,16,103.6275,30.9807,70.83
2093,16,104.2519,30.5393,26.4
2094,16,103.6914,30.6387,10.0
2095,16,104.0843,30.6073,37.67
2096,16,104.0476,30.6757,59.25
2097,16,104.0616,30.6803,14.0
2098,16,104.0853,30.6511,46.33
2099,16,103.9651,30.5852,12.0
2100,16,104.148,30.8255,62.0
2101,16,104.1965,30.8276,40.0
2102,16,104.3294,30.8666,52.0
2103,16,104.0407,30.5899,26.0
2104,16,103.6461,30.9908,71.78
2105,16,103.8624,30.6819,17.0
2106,16,103.8656,30.6915,82.21
2107,16,103.6705,30.9904,60.0
2108,16,104.2256,30.5469,22.0
2109,16,104.2735,30.5655,59.0
2110,16,103.9168,30.5737,14.0
2111,16,104.2664,30.5564,36.0
2112,16,104.0604,30.7094,14.0
2113,16,103.8265,30.7206,76.0
2114,16,103.9041,30.8007,39.25
2115,16,104.1325,30.5925,48.5
2116,16,104.0508,30.6447,56.0
2117,16,103.8602,30.7042,9.0
2118,16,104.0806,30.6756,24.67
2119,16,104.4229,30.8542,81.0
2120,16,103.6389,31.006,68.4
2121,16,104.0976,30.6408,33.0
2122,16,104.0891,30.4921,20.0
2123,16,104.039,30.6399,41.67
2124,16,103.8174,30.6922,72.7
2125,16,104.1539,30.7564,11.0
2126,16,103.9925,30.6695,9.0
2127,16,103.6563,30.9748,75.38
2128,16,104.0712,30.5484,13.0
2129,16,104.4007,30.8595,125.0
2130,16,104.106,30.6484,47.0
2131,16,104.1357,30.6134,86.0
2132,16,103.9195,30.6091,16.0
2133,16,104.1754,30.8386,13.5
2134,16,104.1927,30.8104,34.5
2135,16,103.8875,30.7938,88.0
2136,16,104.2411,30.5345,17.0
2137,16,104.2634,30.5723,23.2
2138,16,104.0943,30.6775,20.0
2139,16,104.0086,30.559,51.5
2140,16,103.8586,30.8395,29.0
2141,16,103.87,30.7095,47.6
2142,16,104.2828,30.883,13.33
2143,16,103.9288,30.5828,52.0
2144,16,104.0889,30.6598,49.2
2145,16,103.8458,30.7812,50.0
2146,16,104.2881,30.8953,21.5
2147,16,103.9415,30.5809,5.0
2148,16,103.6886,30.6483,13.0
2149,16,104.0045,30.6747,14.0
2150,16,104.0648,30.7207,65.5
2151,16,104.0149,30.6444,31.0
2152,16,103.8801,30.8263,39.0
2153,16,103.9354,30.5681,124.0
2154,16,103.6227,31.0021,64.33
2155,16,104.1641,30.8301,16.0
2156,16,104.2134,30.5485,21.0
2157,16,103.6186,30.9916,65.33
2158,16,104.067,30.6643,83.67
2159,16,103.8268,30.7011,76.71
2160,16,104.0143,30.6696,48.5
2161,16,104.2079,30.7428,28.5
2162,16,103.9623,30.5762,15.29
2163,16,103.9173,30.7885,15.0
2164,16,104.1165,30.6415,47.0
2165,16,103.9132,30.8142,110.0
2166,16,104.1103,30.7179,133.0
2167,16,104.0277,30.6518,66.75
2168,16,104.0331,30.6839,136.0
2169,16,103.8454,30.6781,24.0
2170,16,103.6658,30.9799,72.25
2171,16,103.9242,30.5621,71.67
2172,16,104.0788,30.5609,10.5
2173,16,104.0155,30.714,12.0
2174,16,104.1062,30.6885,18.0
2175,16,104.0818,30.5475,25.0
2176,16,103.885,30.8096,41.62
2177,16,103.9945,30.6816,26.0
2178,16,104.0413,30.7262,21.5
2179,16,103.68,30.6387,125.0
2180,16,104.1955,30.8581,19.0
2181,16,104.1789,30.8223,22.67
2182,16,103.6192,30.9701,83.0
2183,16,104.0782,30.6622,8.0
2184,16,104.0684,30.5955,82.67
2185,16,104.1239,30.6539,10.0
2186,16,103.9856,30.7357,9.0
2187,16,104.1486,30.6431,16.67
2188,16,104.0831,30.6329,12.5
2189,16,103.636,30.9972,50.0
2190,16,103.8453,30.7046,72.27
2191,16,104.0552,30.6252,15.0
2192,16,103.8753,30.803,12.0
2193,16,103.6561,31.0047,58.47
2194,16,104.2777,30.5763,9.0
2195,16,104.2683,30.5442,11.0
2196,16,103.9653,30.7636,31.67
2197,16,103.6241,30.9566,37.0
2198,16,104.0637,30.6988,28.0
2199,16,103.5791,30.9033,38.0
2200,16,103.9642,30.9935,70.5
2201,16,104.1421,30.7604,68.0
2202,16,103.9956,30.6134,47.0
2203,16,104.0876,30.5666,37.0
2204,16,103.8985,30.8188,36.0
2205,16,103.835,30.7074,136.0
2206,16,104.0454,30.6128,10.0
2207,16,104.0257,30.7072,46.0
2208,16,104.2103,30.8177,49.0
2209,16,103.6631,31.0199,47.33
2210,16,103.813,30.7561,26.0
2211,16,104.1522,30.739,15.0
2212,16,104.2496,30.5719,30.0
2213,16,103.6658,30.6319,82.0
2214,16,104.3057,30.8743,17.5
2215,16,103.7025,30.6441,43.0
2216,16,104.3333,30.6411,8.0
2217,16,104.0852,30.7004,13.33
2218,16,104.0407,30.562,34.0
2219,16,104.0679,30.6086,21.5
2220,16,104.0732,30.639,12.0
2221,16,104.0474,30.6617,7.0
2222,16,104.1443,30.6796,11.0
2223,16,103.6563,30.9874,39.5
2224,16,103.8422,30.7302,53.4
2225,16,103.6389,30.9641,61.0
2226,16,103.9729,30.7346,24.0
2227,16,104.2981,30.8896,9.0
2228,16,103.9682,30.7521,13.0
2229,17,104.0432,30.6859,26.0
2230,17,104.1557,30.6105,120.0
2231,17,103.6601,31.0085,58.67
2232,17,104.0342,30.6543,14.0
2233,17,103.9653,30.585,61.8
2234,17,103.6332,30.9845,51.0
2235,17,104.3006,30.8502,54.0
2236,17,104.2382,30.5609,9.0
2237,17,103.9111,30.6662,22.0
2238,17,103.8972,30.8046,54.27
2239,17,104.1693,30.8428,59.0
2240,17,103.9031,30.7726,77.0
2241,17,104.1076,30.5699,10.0
2242,17,104.1443,30.6785,16.0
2243,17,104.0837,30.6474,41.0
2244,17,103.9086,30.7951,49.6
2245,17,103.9001,30.814,50.7
2246,17,103.9329,30.7617,92.0
2247,17,103.8705,30.6893,66.94
2248,17,103.8296,30.7028,45.0
2249,17,103.6586,30.9848,59.83
2250,17,104.0515,30.5171,21.0
2251,17,104.1525,30.7388,76.0
2252,17,104.0138,30.6909,50.0
2253,17,103.9261,30.8125,14.0
2254,17,104.1382,30.6922,22.5
2255,17,104.242,30.5828,29.0
2256,17,104.1046,30.4935,23.0
2257,17,104.199,30.8325,55.0
2258,17,104.0857,30.6594,53.75
2259,17,104.1837,30.7061,13.0
2260,17,103.6504,30.9447,41.0
2261,17,103.6642,31.024,60.33
2262,17,104.1354,30.6241,20.0
2263,17,104.0851,30.5654,153.0
2264,17,104.1011,30.7008,6.0
2265,17,104.0479,30.6098,15.5
2266,17,104.1187,30.6731,9.0
2267,17,104.094,30.6883,48.0
2268,17,104.1362,30.7194,86.0
2269,17,104.2056,30.8731,16.0
2270,17,104.0016,30.6059,53.5
2271,17,103.9623,30.5762,16.33
2272,17,104.1986,30.8019,131.0
2273,17,104.2732,30.5532,27.17
2274,17,103.8603,30.6924,76.33
2275,17,103.6684,30.9893,101.0
2276,17,103.8271,30.6591,53.0
2277,17,104.0729,30.7084,16.33
2278,17,103.5924,30.9011,13.0
2279,17,103.9466,30.605,24.0
2280,17,104.0731,30.6453,24.5
2281,17,103.9133,30.8097,37.0
2282,17,104.0718,30.5756,24.0
2283,17,103.8836,30.8174,35.5
2284,17,103.8726,30.6666,55.0
2285,17,103.821,30.6796,72.75
2286,17,104.0246,30.6688,31.67
2287,17,104.2373,30.8895,9.0
2288,17,104.0176,30.584,27.0
2289,17,104.0613,30.5204,6.0
2290,17,104.1011,30.6159,56.5
2291,17,103.6485,31.0149,50.5
2292,17,103.9741,30.7344,57.5
2293,17,103.6686,30.9993,57.17
2294,17,104.2561,30.8756,19.0
2295,17,104.2515,30.5757,19.57
2296,17,103.6745,30.6618,32.0
2297,17,104.004,30.6813,46.0
2298,17,104.123,30.627,19.0
2299,17,104.0695,30.692,20.0
2300,17,104.0796,30.5462,29.0
2301,17,104.1605,30.8332,23.33
2302,17,103.6691,30.6753,28.0
2303,17,104.0604,30.7008,31.0
2304,17,104.0235,30.8711,24.0
2305,17,103.8406,30.7024,66.1
2306,17,104.1105,30.7248,23.0
2307,17,104.0726,30.5588,28.0
2308,17,104.2612,30.5499,9.0
2309,17,104.1689,30.8279,59.0
2310,17,104.0738,30.6153,18.5
2311,17,104.1551,30.819,107.0
2312,17,103.6774,31.0061,146.0
2313,17,104.0763,30.5331,22.0
2314,17,104.2928,30.574,22.5
2315,17,104.2779,30.5774,46.0
2316,17,104.18,30.8196,38.71
2317,17,103.8725,30.8185,21.0
2318,17,104.089,30.6289,14.0
2319,17,103.6376,30.9974,60.04
2320,17,104.1977,30.8127,31.4
2321,17,104.0558,30.688,118.0
2322,17,103.8485,30.6947,83.67
2323,17,103.643,30.9765,52.0
2324,17,104.053,30.6616,25.0
2325,17,103.9763,30.6529,84.0
2326,17,103.8739,30.83,50.0
2327,17,104.1627,30.8102,47.0
2328,17,104.0432,30.7016,54.0
2329,17,104.0259,30.6956,22.5
2330,17,104.0061,30.6312,8.5
2331,17,103.879,30.6977,108.5
2332,17,103.9478,30.7785,18.0
2333,17,104.0485,30.5608,11.67
2334,17,103.8588,30.7054,69.17
2335,17,104.2219,30.8899,79.5
2336,17,103.9896,30.7637,27.0
2337,17,103.637,31.0085,70.57
2338,17,103.995,30.6161,136.0
2339,17,104.1172,30.6588,34.5
2340,17,104.0794,30.6,18.0
2341,17,103.6464,30.9641,84.0
2342,17,103.9845,30.6362,25.0
2343,17,104.1142,30.692,16.5
2344,17,104.0143,30.7035,40.0
2345,17,103.9604,30.789,41.0
2346,17,103.8742,30.6793,45.0
2347,17,104.2502,30.8892,7.67
2348,17,104.0797,30.672,62.33
2349,17,104.037,30.6386,14.0
2350,17,103.6819,30.63,39.67
2351,17,103.9986,30.6735,34.0
2352,17,104.223,30.5653,44.0
2353,17,104.0738,30.6609,43.82
2354,17,103.8393,30.7531,51.0
2355,17,104.2173,30.5756,21.0
2356,17,103.8343,30.7246,29.0
2357,17,104.0445,30.5942,35.5
2358,17,103.6539,30.6394,82.0
2359,17,104.2637,30.5401,49.0
2360,17,103.6584,30.9718,34.71
2361,17,104.2516,30.5386,58.14
2362,17,104.0445,30.6527,62.0
2363,17,103.8378,30.6902,131.0
2364,17,104.0198,30.6519,17.0
2365,17,104.1854,30.8314,9.0
2366,17,104.047,30.6726,47.0
2367,17,103.671,30.628,30.0
2368,17,103.8538,30.7229,69.0
2369,17,104.0698,30.636,14.0
2370,17,104.0147,30.676,20.0
2371,17,103.9831,30.5709,11.0
2372,17,104.0403,30.6649,28.0
2373,17,103.6502,30.9931,57.0
2374,17,103.9329,30.5661,48.0
2375,17,104.2572,30.8964,12.67
2376,17,103.9617,30.6758,19.0
2377,17,104.0511,30.6214,41.0
2378,17,103.964,30.6895,24.0
2379,17,103.8902,30.7227,97.0
2380,17,104.0593,30.7128,42.0
2381,17,103.915,30.5806,16.0
2382,17,104.1435,30.6361,11.0
2383,17,104.1485,30.6889,12.0
2384,17,103.6197,30.9954,67.0
2385,17,104.2778,30.5684,38.29
2386,17,103.9255,30.5738,54.0
2387,17,104.2868,30.887,17.5
2388,17,104.211,30.8151,11.0
2389,17,104.4456,30.8476,4.0
2390,17,104.1482,30.5954,66.0
2391,17,103.6288,30.9686,61.0
2392,17,103.8271,30.6894,36.86
2393,17,104.2979,30.8847,17.5
2394,17,104.0701,30.6046,46.0
2395,17,103.8346,30.6654,162.0
2396,17,104.0463,30.5803,27.0
2397,17,103.6794,30.9869,23.0
2398,17,103.8505,30.6562,34.0
2399,17,104.096,30.7627,83.0
2400,17,103.6903,30.6455,89.0
2401,17,103.624,31.0047,76.5
2402,17,103.6623,31.0339,135.0
2403,17,104.1007,30.6316,59.0
2404,17,104.0614,30.6522,50.4
2405,17,103.8695,30.7126,38.5
2406,17,104.3901,30.8548,161.0
2407,17,104.0162,30.7159,18.0
2408,17,104.0644,30.6792,9.0
2409,17,104.2623,30.5589,38.0
2410,17,104.2641,30.5828,50.0
2411,17,103.8551,30.7843,141.0
2412,17,104.0621,30.6221,23.5
2413,17,104.078,30.6294,36.33
2414,17,104.0513,30.533,41.0
2415,17,104.2759,30.8865,12.33
2416,17,104.1746,30.7185,57.0
2417,17,104.0743,30.591,31.4
2418,18,103.9942,30.6487,24.0
2419,18,104.0731,30.718,90.0
2420,18,104.2652,30.8846,12.11
2421,18,104.0688,30.6561,30.2
2422,18,104.0891,30.6884,89.33
2423,18,104.0956,30.5604,81.5
2424,18,104.1575,30.6093,28.0
2425,18,104.0893,30.6421,44.5
2426,18,103.8437,30.7399,97.0
2427,18,103.9847,30.7302,7.5
2428,18,103.859,30.824,23.0
2429,18,104.081,30.6505,16.0
2430,18,104.1003,30.622,63.67
2431,18,104.0478,30.634,37.0
2432,18,104.0624,30.5332,15.0
2433,18,104.2709,30.5737,36.25
2434,18,104.2103,30.8212,8.0
2435,18,104.4484,30.8615,51.0
2436,18,103.8862,30.7046,64.0
2437,18,104.0751,30.6708,58.62
2438,18,104.0049,30.6715,36.0
2439,18,104.0817,30.6313,54.0
2440,18,104.2447,30.5814,52.25
2441,18,103.9265,30.6088,49.0
2442,18,104.0019,30.6055,26.67
2443,18,103.6702,31.0206,30.5
2444,18,103.6225,30.9943,38.0
2445,18,103.6594,31.0267,66.33
2446,18,103.82,30.7293,20.0
2447,18,104.4049,30.8554,74.0
2448,18,103.6318,30.9749,48.0
2449,18,104.0251,30.6957,62.33
2450,18,103.9653,30.585,9.67
2451,18,103.8456,30.7093,44.5
2452,18,104.1167,30.6786,26.5
2453,18,104.0111,30.6838,100.5
2454,18,104.0562,30.5947,33.5
2455,18,103.9428,30.7374,7.0
2456,18,104.1108,30.6614,115.0
2457,18,104.0987,30.6489,24.0
2458,18,103.9783,30.7637,13.0
2459,18,104.0194,30.6452,124.0
2460,18,103.9623,30.5762,19.17
2461,18,103.81,30.6472,26.0
2462,18,104.2413,30.8892,16.0
2463,18,104.1154,30.6441,41.5
2464,18,103.8176,30.6888,35.0
2465,18,103.9066,30.8143,54.71
2466,18,103.8977,30.798,29.33
2467,18,104.0696,30.609,21.5
2468,18,103.8921,30.6833,57.67
2469,18,103.8279,30.6928,17.0
2470,18,104.1344,30.6541,46.0
2471,18,104.2597,30.896,12.0
2472,18,104.1535,30.8049,60.5
2473,18,104.1739,30.815,41.5
2474,18,104.1446,30.6788,48.0
2475,18,104.4289,30.8666,63.0
2476,18,104.0951,30.6969,6.0
2477,18,103.9247,30.5896,48.0
2478,18,103.9471,30.5902,7.0
2479,18,104.0515,30.6898,70.0
2480,18,104.163,30.834,11.0
2481,18,104.0457,30.6131,36.0
2482,18,103.6464,30.978,69.33
2483,18,104.0891,30.6718,87.0
2484,18,104.1971,30.8097,56.2
2485,18,104.0862,30.8458,53.0
2486,18,103.6546,31.0005,46.59
2487,18,104.1443,30.6351,28.0
2488,18,104.1802,30.8229,27.1
2489,18,104.0711,30.5751,29.5
2490,18,103.8392,30.6974,51.86
2491,18,104.2606,30.507,39.0
2492,18,104.2877,30.5624,17.0
2493,18,103.6503,30.9693,60.0
2494,18,104.0122,30.7086,8.0
2495,18,104.2657,30.5431,63.0
2496,18,104.174,30.6264,35.0
2497,18,104.0831,30.7073,21.0
2498,18,104.2746,30.5589,43.75
2499,18,104.0528,30.7054,81.5
2500,18,104.129,30.6623,46.0
2501,18,104.0835,30.6963,63.5
2502,18,104.414,30.8643,60.0
2503,18,104.1496,30.603,16.0
2504,18,104.0867,30.6111,67.0
2505,18,104.0504,30.6528,16.5
2506,18,104.0633,30.5823,11.0
2507,18,104.0176,30.584,26.5
2508,18,103.638,30.9666,50.0
2509,18,104.299,30.8907,91.0
2510,18,103.6295,31.0013,61.33
2511,18,104.0282,30.6525,10.0
2512,18,104.1974,30.8242,20.0
2513,18,103.9145,30.5826,115.0
2514,18,103.8322,30.6763,70.75
2515,18,103.6396,31.0056,13.0
2516,18,104.0744,30.5612,19.67
2517,18,104.1575,30.6592,4.0
2518,18,103.8,30.6887,145.0
2519,18,103.8686,30.7021,50.4
2520,18,103.9909,30.5838,16.75
2521,18,103.6077,30.9731,12.0
2522,18,104.2574,30.573,62.67
2523,18,103.8696,30.69,40.17
2524,18,104.2804,30.8752,15.0
2525,18,103.8842,30.794,46.0
2526,18,103.6539,30.639,65.0
2527,18,104.0632,30.6478,79.5
2528,18,104.1709,30.6501,24.0
2529,18,104.0031,30.5592,141.0
2530,18,104.2761,30.8911,7.67
2531,18,104.0255,30.7049,25.5
2532,18,103.9903,30.7686,28.0
2533,18,104.2892,30.5714,49.5
2534,18,104.0508,30.5519,10.0
2535,18,104.2519,30.5393,50.67
2536,18,103.6702,30.6438,47.0
2537,18,104.0584,30.523,16.0
2538,18,104.31,30.8691,71.0
2539,18,104.026,30.6844,5.0
2540,18,104.1821,30.6892,24.0
2541,18,104.0637,30.6871,74.0
2542,18,104.1472,30.5937,16.0
2543,18,103.8699,30.7125,69.67
2544,18,103.9822,30.5909,17.0
2545,18,103.9926,30.6328,97.5
2546,18,104.092,30.6606,39.0
2547,18,103.6416,30.9867,91.0
2548,18,103.9498,30.7861,20.0
2549,18,103.9172,30.8096,33.0
2550,18,104.1738,30.834,11.5
2551,18,103.8988,30.5816,61.0
2552,18,103.8217,30.7006,56.5
2553,18,103.6256,30.9856,58.36
2554,18,104.0613,30.6679,10.0
2555,18,104.0012,30.6871,24.67
2556,18,103.8527,30.7005,88.0
2557,18,104.2245,30.89,26.0
2558,18,104.064,30.7082,4.0
2559,18,104.2527,30.8843,10.5
2560,18,104.1068,30.6328,26.5
2561,18,104.0459,30.6629,38.5
2562,18,103.6437,30.9963,64.47
2563,18,103.9325,30.5787,48.5
2564,18,103.9949,30.6134,37.0
2565,18,103.9584,30.9806,15.0
2566,18,104.1201,30.5957,47.0
2567,18,103.6536,30.9876,59.6
2568,18,104.1372,30.6201,39.0
2569,18,104.0815,30.5407,11.5
2570,18,104.4649,30.854,112.5
2571,18,104.2676,30.516,51.0
2572,18,103.6865,30.6355,62.0
2573,18,103.8261,30.7116,54.5
2574,18,104.2997,30.5781,26.0
2575,18,104.0627,30.5558,20.0
2576,18,103.9655,30.6895,115.0
2577,18,104.3311,30.8547,16.0
2578,18,103.8437,30.7304,73.33
2579,18,104.1905,30.8317,5.0
2580,18,104.0562,30.6042,22.67
2581,18,104.2247,30.8998,25.0
2582,18,103.9207,30.6012,48.33
2583,18,104.0226,30.6686,45.67
2584,18,103.8342,30.7058,146.0
2585,18,103.9572,30.6062,28.0
2586,18,103.6673,30.991,39.67
2587,18,104.0049,30.7189,41.0
2588,18,103.9386,30.7872,5.0
2589,18,104.0772,30.5946,16.33
2590,18,104.1547,30.8196,59.0
2591,18,104.0021,30.6551,51.0
2592,18,103.6611,30.9746,64.5
2593,18,104.0756,30.6398,42.33
2594,18,104.044,30.6738,70.33
2595,18,103.661,31.0124,28.2
2596,18,103.634,31.0136,85.67
2597,18,103.9075,30.802,43.67
2598,18,104.0843,30.7286,18.0
2599,18,103.8918,30.8076,62.0
2600,18,103.6462,31.017,33.0
2601,18,104.2822,30.5824,58.2
2602,18,104.0771,30.6223,49.0
2603,18,104.2641,30.5828,60.0
2604,18,103.8577,30.6837,55.0
2605,18,104.4469,30.8477,9.0
2606,18,104.1174,30.6893,52.0
2607,18,103.8992,30.822,148.0
2608,18,104.0924,30.5977,35.0
2609,19,104.2731,30.5544,47.0
2610,19,104.0953,30.7626,128.0
2611,19,104.0651,30.6644,110.5
2612,19,104.1179,30.7167,19.0
2613,19,103.9653,30.585,12.71
2614,19,104.0176,30.584,19.0
2615,19,104.0656,30.505,7.0
2616,19,104.2724,30.5784,65.0
2617,19,103.648,31.0029,72.0
2618,19,104.0037,30.6729,43.5
2619,19,104.0812,30.692,10.5
2620,19,103.6453,30.9591,54.5
2621,19,103.9213,30.8127,54.0
2622,19,103.6311,30.9266,24.0
2623,19,103.6528,30.9914,11.5
2624,19,103.6331,30.9824,54.56
2625,19,103.8807,30.8041,88.0
2626,19,104.1479,30.643,9.0
2627,19,103.8771,30.8349,26.0
2628,19,103.639,31.0135,77.88
2629,19,104.2757,30.5659,36.33
2630,19,104.0814,30.5292,24.0
2631,19,103.6612,30.9994,63.62
2632,19,104.2842,30.56,19.0
2633,19,103.6623,31.0122,24.29
2634,19,103.617,30.973,76.0
2635,19,104.1014,30.6674,36.5
2636,19,104.4167,30.8579,22.0
2637,19,103.9332,30.5648,99.0
2638,19,103.6172,30.9976,73.5
2639,19,104.0208,30.6559,54.0
2640,19,103.8591,30.8245,139.0
2641,19,104.1857,30.8083,8.0
2642,19,104.1487,30.6036,18.75
2643,19,104.0664,30.5817,47.0
2644,19,104.1017,30.6254,11.0
2645,19,104.2632,30.5425,16.0
2646,19,103.992,30.6868,12.5
2647,19,104.0347,30.6956,20.33
2648,19,104.2695,30.8924,10.0
2649,19,104.1883,30.8199,10.75
2650,19,103.9005,30.8199,47.0
2651,19,104.2547,30.5794,64.25
2652,19,103.9075,30.802,12.0
2653,19,103.8446,30.7225,104.5
2654,19,103.8205,30.656,56.0
2655,19,104.1002,30.6913,13.0
2656,19,103.9185,30.5973,73.0
2657,19,104.0662,30.6543,12.0
2658,19,103.9833,30.6202,47.5
2659,19,103.6377,30.9948,53.91
2660,19,104.0751,30.6118,16.5
2661,19,104.2,30.8058,62.0
2662,19,103.8538,30.6812,14.0
2663,19,103.6629,30.9844,51.83
2664,19,104.0181,30.618,87.0
2665,19,103.8887,30.8234,15.5
2666,19,103.9105,30.5674,58.0
2667,19,104.0095,30.683,8.5
2668,19,104.0471,30.6668,57.67
2669,19,104.0857,30.5532,12.0
2670,19,103.9957,30.6604,54.5
2671,19,104.2607,30.8854,7.0
2672,19,104.0835,30.664,42.11
2673,19,103.8502,30.7345,51.5
2674,19,104.0534,30.651,62.0
2675,19,103.8151,30.6995,26.67
2676,19,104.0614,30.5244,25.0
2677,19,104.0795,30.6741,10.67
2678,19,104.3256,30.614,8.0
2679,19,104.0586,30.6719,96.0
2680,19,104.0755,30.5108,10.0
2681,19,104.0745,30.4936,10.0
2682,19,104.0789,30.627,43.0
2683,19,103.9249,30.5731,73.0
2684,19,104.2649,30.5635,25.0
2685,19,104.1764,30.688,23.0
2686,19,103.8504,30.6576,21.0
2687,19,103.9379,30.7314,84.0
2688,19,104.0277,30.6844,37.33
2689,19,104.2548,30.5103,69.0
2690,19,104.0818,30.649,162.0
2691,19,103.8911,30.8083,58.64
2692,19,104.0077,30.6596,51.0
2693,19,103.8872,30.6799,74.0
2694,19,104.09,30.6019,20.0
2695,19,104.2631,30.5516,73.0
2696,19,104.1532,30.8128,27.0
2697,19,104.1154,30.6477,36.0
2698,19,103.8338,30.7057,11.0
2699,19,104.1792,30.7056,87.0
2700,19,104.1218,30.6633,67.0
2701,19,104.0931,30.683,5.25
2702,19,103.8392,30.7529,27.0
2703,19,104.0608,30.5915,19.0
2704,19,103.8355,30.6946,28.14
2705,19,103.9826,30.7515,82.0
2706,19,103.8683,30.7019,38.0
2707,19,103.8735,30.687,48.5
2708,19,103.6394,30.9742,23.0
2709,19,103.9801,30.7611,18.0
2710,19,103.6267,30.9915,71.5
2711,19,103.9323,31.0096,21.0
2712,19,103.8839,30.7933,7.0
2713,19,104.0725,30.5529,60.0
2714,19,104.1614,30.8419,22.0
2715,19,104.0669,30.7401,58.0
2716,19,104.035,30.6428,39.5
2717,19,104.1758,30.8146,29.0
2718,19,104.0435,30.6157,35.0
2719,19,103.651,30.9809,42.5
2720,19,104.0418,30.7115,131.0
2721,19,104.2704,30.8776,14.33
2722,19,104.2083,30.8876,98.0
2723,19,104.1223,30.7502,15.0
2724,19,104.0547,30.6364,18.0
2725,19,103.836,30.6784,29.0
2726,19,104.1606,30.8257,40.57
2727,19,104.0565,30.7002,8.0
2728,19,104.1771,30.8286,89.33
2729,19,103.6498,30.9709,39.0
2730,19,104.0781,30.5968,54.0
2731,19,103.8168,30.714,41.0
2732,19,104.0812,30.5663,11.5
2733,19,104.2938,30.8819,41.0
2734,19,103.8492,30.6941,80.0
2735,19,103.8768,30.6754,65.0
2736,19,103.9284,30.5831,41.0
2737,19,104.056,30.6836,23.0
2738,19,104.0159,30.7054,8.0
2739,19,103.9398,30.5806,8.0
2740,19,104.1227,30.6772,12.5
2741,19,104.1097,30.6325,12.0
2742,19,103.5856,30.9009,20.0
2743,19,104.1151,30.691,20.0
2744,19,104.0311,30.6324,10.0
2745,19,103.8607,30.6935,59.57
2746,19,104.0316,30.6761,177.0
2747,19,104.0893,30.6564,8.0
2748,19,104.0731,30.6387,22.0
2749,19,104.0402,30.6571,88.0
2750,19,103.9797,30.6773,81.0
2751,19,104.4253,30.8516,133.0
2752,19,103.8456,30.7097,74.6
2753,19,104.2465,30.5358,85.0
2754,19,104.2486,30.5647,151.0
2755,19,104.05,30.5553,13.67
2756,19,103.9599,30.4998,38.0
2757,19,104.0863,30.7257,20.0
2758,19,104.1135,30.624,13.0
2759,19,103.9623,30.5762,16.4
2760,19,103.8166,30.6885,70.0
2761,19,103.9649,30.672,33.0
2762,19,104.3014,30.8922,14.5
2763,19,104.0762,30.7061,15.0
2764,20,104.1681,30.8089,10.5
2765,20,103.6895,31.0404,8.0
2766,20,104.0498,30.6368,51.25
2767,20,104.1546,30.8143,15.0
2768,20,103.9945,30.6412,17.0
2769,20,104.0766,30.6546,34.0
2770,20,104.2506,30.8939,10.0
2771,20,104.1315,30.6794,39.0
2772,20,103.8433,30.6862,17.0
2773,20,103.6436,30.9869,43.2
2774,20,104.2336,30.5412,23.0
2775,20,104.0967,30.5997,71.0
2776,20,104.2831,30.8779,7.0
2777,20,104.1202,30.6763,35.0
2778,20,104.071,30.6177,40.5
2779,20,103.8413,30.7508,24.0
2780,20,103.8846,30.7035,23.0
2781,20,104.103,30.7183,32.0
2782,20,103.9991,30.6882,10.0
2783,20,103.8321,30.7052,69.0
2784,20,103.6601,30.9846,73.0
2785,20,104.0802,30.6932,44.88
2786,20,103.9555,30.7805,24.75
2787,20,104.0272,30.6702,13.33
2788,20,104.0982,30.6613,112.0
2789,20,104.0861,30.7066,16.0
2790,20,104.2769,30.5751,25.0
2791,20,103.8719,30.6895,51.5
2792,20,103.848,30.7175,90.5
2793,20,103.8189,30.6865,31.33
2794,20,104.0069,30.6718,18.33
2795,20,104.1162,30.6149,12.0
2796,20,104.1878,30.8295,97.0
2797,20,103.6389,30.9641,82.0
2798,20,104.0833,30.6289,12.0
2799,20,104.1927,30.8104,49.8
2800,20,103.6769,30.988,93.0
2801,20,104.0619,30.5299,34.75
2802,20,103.9651,30.5852,21.29
2803,20,104.264,30.5816,30.0
2804,20,104.0605,30.4914,93.0
2805,20,104.0649,30.7347,11.0
2806,20,104.1444,30.6789,17.0
2807,20,104.2672,30.5704,69.4
2808,20,104.0729,30.631,9.0
2809,20,104.046,30.5319,17.5
2810,20,104.2213,30.8084,29.0
2811,20,104.0738,30.5396,60.5
2812,20,103.6238,30.9567,83.0
2813,20,104.1197,30.705,13.0
2814,20,104.0608,30.6017,55.0
2815,20,103.8385,30.698,77.0
2816,20,103.9624,30.6953,15.0
2817,20,104.2528,30.5795,43.75
2818,20,104.0425,30.6997,115.0
2819,20,103.9,30.8083,47.71
2820,20,103.6661,30.6359,10.0
2821,20,104.1311,30.6509,110.0
2822,20,104.2861,30.5431,36.0
2823,20,104.0648,30.6799,83.0
2824,20,103.6318,30.9901,61.83
2825,20,103.8608,30.685,73.0
2826,20,103.6339,30.9757,74.0
2827,20,103.917,30.5767,130.0
2828,20,104.0176,30.7161,16.0
2829,20,104.175,30.8303,8.0
2830,20,103.8758,30.6783,75.5
2831,20,103.854,30.7794,59.0
2832,20,103.8741,30.8067,58.4
2833,20,103.631,31.013,76.0
2834,20,103.925,30.5869,12.0
2835,20,103.8611,30.6941,61.88
2836,20,104.0581,30.6704,16.0
2837,20,104.1507,30.6,21.0
2838,20,103.65,30.9604,58.5
2839,20,104.0674,30.5786,17.0
2840,20,104.1088,30.6366,19.0
2841,20,103.9438,30.7671,20.0
2842,20,103.9184,30.6094,34.0
2843,20,103.8931,30.7927,69.5
2844,20,104.0436,30.6287,31.0
2845,20,104.0726,30.5495,33.67
2846,20,104.034,30.6901,32.75
2847,20,104.2319,30.5769,67.0
2848,20,104.4561,30.8567,110.0
2849,20,103.9078,30.7201,26.0
2850,20,103.6793,30.6301,16.5
2851,20,103.8337,30.7251,60.0
2852,20,103.9894,30.5875,5.5
2853,20,104.1685,30.8202,18.5
2854,20,104.276,30.8867,11.5
2855,20,103.6601,30.9993,86.43
2856,20,104.0874,30.6145,68.0
2857,20,104.0155,30.63,39.0
2858,20,104.2671,30.5442,49.0
2859,20,104.0899,30.6527,4.0
2860,20,104.3094,30.6152,8.0
2861,20,104.2654,30.8901,7.0
2862,20,104.0511,30.7199,48.0
2863,20,103.664,31.0125,73.27
2864,20,104.009,30.7269,15.0
2865,20,103.9318,30.5774,97.0
2866,20,103.961,30.7602,35.67
2867,20,104.2471,30.5349,107.0
2868,20,103.9541,30.7895,19.0
2869,20,103.6677,30.9772,67.5
2870,20,103.6432,31.0135,64.4
2871,20,103.8329,30.7153,74.0
2872,20,104.2931,30.5724,15.0
2873,20,104.1104,30.6835,31.0
2874,20,104.0877,30.6645,17.0
2875,20,104.0501,30.5571,13.0
2876,20,103.5143,30.1982,127.0
2877,20,103.6482,31.0002,73.96
2878,20,103.8828,30.6935,95.0
2879,20,103.707,30.6379,136.0
2880,20,103.6363,31.0005,76.16
2881,20,103.9046,30.7909,73.0
2882,20,104.0773,30.5147,5.0
2883,20,103.6536,31.015,82.0
2884,20,103.6345,30.736,44.0
2885,20,103.8194,30.6976,70.0
2886,20,104.0539,30.6458,142.0
2887,20,103.9257,30.8075,14.0
2888,20,103.6243,30.9818,50.5
2889,20,104.122,30.6315,44.5
2890,20,104.2634,30.5556,41.5
2891,20,104.1047,30.645,38.5
2892,20,103.8479,30.7056,56.64
2893,20,104.0715,30.6655,17.33
2894,20,103.6316,30.9251,126.0
2895,20,103.9538,30.7478,87.0
2896,20,103.931,30.5643,59.0
2897,20,104.037,30.6465,38.5
2898,20,104.0809,30.6778,36.33
2899,20,103.9823,30.6928,38.67
2900,20,104.2042,30.8311,62.0
2901,20,103.9496,31.0003,18.5
2902,20,103.9925,30.6214,15.5
2903,20,103.8889,30.8093,121.0
2904,20,103.9538,30.6437,56.0
2905,20,103.9762,30.753,9.0
2906,20,103.647,30.9765,50.0
2907,20,103.6938,30.6422,56.0
2908,20,103.8722,30.8177,79.0
2909,20,104.1796,30.817,71.0
2910,20,103.9102,30.8132,40.0
2911,20,104.076,30.7535,6.0
2912,20,104.2816,30.5831,36.2
2913,20,104.2379,30.5855,15.0
2914,20,104.1582,30.8329,41.75
2915,20,104.1486,30.6431,15.5
2916,20,104.0151,30.6438,52.0
2917,20,103.9306,30.6986,26.0
2918,20,104.037,30.5752,21.0
2919,20,104.0934,30.69,51.0
2920,20,104.1957,30.82,20.0
2921,20,104.0653,30.5146,10.0
2922,20,104.281,30.5662,45.62
2923,20,103.9623,30.5762,17.25
2924,20,104.2258,30.8898,20.0
2925,20,104.142,30.5887,21.0
2926,20,104.0669,30.6093,57.33
2927,20,104.041,30.7253,19.0
2928,20,104.0557,30.6131,21.67
2929,20,104.4415,30.8621,74.8
2930,20,104.0843,30.5982,22.2
2931,20,104.0207,30.6582,11.0
2932,20,103.6574,30.9716,129.0
2933,20,103.6611,31.027,80.0
2934,20,103.9887,30.765,51.0
2935,20,103.8699,30.7011,73.0
2936,20,104.0728,30.715,20.0
2937,20,104.4168,30.8578,47.5
2938,20,103.8693,30.7107,72.25
2939,20,103.9395,30.5856,6.0
2940,20,104.0674,30.6468,21.0
2941,20,103.957,30.5981,12.0
2942,20,103.6692,30.6207,6.0
2943,20,104.0464,30.6193,25.0
2944,21,103.6607,31.0078,44.73
2945,21,103.8394,30.6773,37.33
2946,21,103.6538,30.9864,20.0
2947,21,103.8548,30.692,10.0
2948,21,104.1399,30.6907,93.0
2949,21,103.8413,30.7508,42.0
2950,21,104.08,30.5636,13.0
2951,21,104.1181,30.6739,20.0
2952,21,104.1217,30.6561,6.0
2953,21,104.031,30.6296,90.0
2954,21,103.683,31.0058,78.0
2955,21,104.1344,30.8077,79.0
2956,21,104.2644,30.8936,12.45
2957,21,104.1839,30.6585,23.0
2958,21,104.073,30.5928,51.0
2959,21,104.0962,30.6985,15.0
2960,21,104.0523,30.6666,12.0
2961,21,103.919,30.6076,42.5
2962,21,104.05,30.7243,6.0
2963,21,104.0826,30.6242,44.0
2964,21,104.0807,30.5475,14.0
2965,21,103.9623,30.5762,17.4
2966,21,103.8307,30.7102,17.0
2967,21,104.0008,30.7137,23.0
2968,21,104.0941,30.6693,58.0
2969,21,103.916,30.5862,14.0
2970,21,104.1506,30.644,20.0
2971,21,104.1056,30.676,34.5
2972,21,103.9924,30.6388,5.0
2973,21,103.9969,30.6281,13.0
2974,21,104.0834,30.6772,12.5
2975,21,103.6455,31.0025,64.24
2976,21,103.6566,30.998,55.27
2977,21,103.8145,30.6878,85.0
2978,21,104.0134,30.5768,20.0
2979,21,104.3965,30.8656,40.0
2980,21,104.2658,30.5709,48.2
2981,21,104.1849,30.8161,39.0
2982,21,104.4414,30.8695,41.0
2983,21,103.871,30.6909,60.5
2984,21,104.0551,30.6976,18.0
2985,21,104.2804,30.8753,15.0
2986,21,104.0878,30.497,9.0
2987,21,103.9855,30.7614,68.0
2988,21,104.1817,30.8054,43.44
2989,21,104.271,30.8803,14.5
2990,21,104.4416,30.8605,53.33
2991,21,103.9304,30.577,34.5
2992,21,104.1056,30.6042,5.0
2993,21,103.6671,30.9909,64.5
2994,21,104.0481,30.6909,4.0
2995,21,103.9134,30.5727,42.0
2996,21,104.1725,30.829,88.5
2997,21,103.9824,30.6752,43.0
2998,21,104.2723,30.5528,19.0
2999,21,104.1148,30.6628,15.0
3000,21,104.0738,30.6519,4.5
3001,21,103.5707,30.8253,16.0
3002,21,104.0752,30.6347,71.0
3003,21,104.1182,30.7174,10.0
3004,21,104.1346,30.627,17.0
3005,21,104.0737,30.7089,3.0
3006,21,104.0984,30.6476,12.5
3007,21,104.0492,30.7096,19.0
3008,21,104.1953,30.8599,97.0
3009,21,103.6028,30.9905,72.0
3010,21,104.0606,30.759,23.0
3011,21,103.6232,31.0018,63.33
3012,21,104.0573,30.6067,38.5
3013,21,104.2042,30.5867,20.0
3014,21,103.9554,30.7865,17.5
3015,21,104.3325,30.645,29.0
3016,21,104.1628,30.8213,51.33
3017,21,104.0804,30.6999,41.0
3018,21,104.1043,30.722,7.0
3019,21,103.645,30.9913,46.25
3020,21,103.8458,30.7005,52.69
3021,21,104.0693,30.6048,9.5
3022,21,104.2452,30.5828,25.0
3023,21,103.6547,30.9773,54.17
3024,21,103.8489,30.7184,43.0
3025,21,103.6883,31.0397,95.0
3026,21,104.028,30.6416,8.0
3027,21,104.2997,30.8872,27.0
3028,21,103.8766,30.8041,23.0
3029,21,103.9709,30.6752,36.33
3030,21,103.6208,30.9915,76.44
3031,21,104.1008,30.5649,13.0
3032,21,104.0328,30.6507,16.5
3033,21,103.645,30.9632,41.5
3034,21,103.9716,30.7591,64.0
3035,21,104.0386,30.7245,21.0
3036,21,104.005,30.6107,14.25
3037,21,104.065,30.6652,6.5
3038,21,104.0536,30.6502,29.5
3039,21,104.0068,30.6717,34.43
3040,21,103.632,30.9906,71.33
3041,21,103.8977,30.8005,39.45
3042,21,104.0842,30.611,6.0
3043,21,103.8435,30.6886,24.0
3044,21,104.0535,30.5592,9.0
3045,21,103.8244,30.6829,75.5
3046,21,104.0304,30.6762,46.5
3047,21,104.1615,30.8334,54.43
3048,21,104.2863,30.5588,29.0
3049,21,104.2694,30.5841,15.0
3050,21,103.6649,31.0185,14.0
3051,21,104.0565,30.7751,15.0
3052,21,103.9843,30.6569,19.67
3053,21,104.2513,30.5714,46.5
3054,21,103.9536,30.5999,11.0
3055,21,104.1689,30.6153,9.0
3056,21,104.2567,30.8831,10.0
3057,21,103.9067,30.7936,88.0
3058,21,103.833,30.6897,13.0
3059,21,103.9915,30.6648,38.0
3060,21,104.2029,30.828,23.0
3061,21,104.274,30.5638,36.86
3062,21,103.8953,30.813,49.92
3063,21,103.9189,30.556,21.0
3064,21,104.1333,30.6161,16.0
3065,21,104.0182,30.6671,6.0
3066,21,104.0477,30.6198,47.0
3067,21,104.2359,30.5752,14.0
3068,21,103.8896,30.8252,72.0
3069,21,104.0769,30.5163,18.5
3070,21,103.875,30.8305,22.5
3071,21,104.1505,30.6349,8.0
3072,21,104.0182,30.7109,8.0
3073,21,103.9195,30.7325,26.0
3074,21,104.0641,30.6164,18.5
3075,21,103.8315,30.701,105.0
3076,21,104.0867,30.6602,37.69
3077,21,103.6355,30.9816,58.17
3078,21,104.1528,30.8416,106.0
3079,21,103.8777,30.708,20.0
3080,21,103.8479,30.7292,45.0
3081,21,103.9144,30.8092,42.8
3082,21,103.8679,30.7034,92.0
3083,21,103.8766,30.6739,39.0
3084,21,103.8185,30.6974,60.5
3085,21,103.6344,31.0009,11.0
3086,21,103.9653,30.585,14.4
3087,21,104.0737,30.6732,24.33
3088,21,104.1488,30.5965,16.0
3089,21,104.279,30.5794,30.5
3090,21,104.0559,30.7898,27.0
3091,21,103.6357,31.0108,60.0
3092,21,104.1969,30.8384,50.0
3093,21,104.4266,30.8669,50.0
3094,21,104.1981,30.8119,23.0
3095,22,104.0523,30.7061,19.0
3096,22,104.0995,30.6666,35.67
3097,22,104.1675,30.8312,30.4
3098,22,104.0501,30.6492,21.0
3099,22,104.1417,30.6172,12.0
3100,22,104.1188,30.6729,44.83
3101,22,104.1456,30.8264,46.0
3102,22,104.1083,30.679,17.0
3103,22,104.1223,30.6564,42.58
3104,22,104.2764,30.5848,15.0
3105,22,103.854,30.6942,39.75
3106,22,104.0658,30.6641,9.8
3107,22,104.0475,30.6091,21.14
3108,22,104.1731,30.8035,11.0
3109,22,103.6481,30.9869,20.95
3110,22,103.8978,30.8157,71.0
3111,22,104.1416,30.8083,55.0
3112,22,103.8278,30.7213,34.5
3113,22,104.0805,30.7016,8.0
3114,22,104.2841,30.8762,12.0
3115,22,104.2042,30.5867,18.0
3116,22,104.0703,30.5819,114.0
3117,22,103.9631,31.0057,18.0
3118,22,103.8607,30.7047,24.0
3119,22,103.6887,30.9537,20.0
3120,22,104.1849,30.8263,26.0
3121,22,103.9637,30.676,6.0
3122,22,104.1458,30.6027,31.0
3123,22,104.0024,30.6884,22.67
3124,22,104.4224,30.8498,51.0
3125,22,103.9628,30.5758,59.0
3126,22,104.0661,30.7725,78.0
3127,22,103.6254,30.9909,37.39
3128,22,103.988,30.6655,7.0
3129,22,104.0966,30.6545,41.0
3130,22,103.6744,30.6462,46.0
3131,22,104.0715,30.5965,120.0
3132,22,104.0551,30.5642,11.0
3133,22,104.0632,30.5531,18.0
3134,22,103.8494,30.7051,22.0
3135,22,103.9841,30.636,75.67
3136,22,103.8176,30.6776,134.0
3137,22,103.6665,31.0044,23.86
3138,22,103.954,30.7882,16.75
3139,22,103.6507,31.0077,21.6
3140,22,103.6381,30.967,21.0
3141,22,103.9328,30.995,24.0
3142,22,104.2606,30.5551,51.0
3143,22,103.9059,30.576,15.0
3144,22,104.2941,30.5754,14.0
3145,22,104.1138,30.6247,29.0
3146,22,103.8638,30.6827,52.0
3147,22,104.0517,30.5518,21.0
3148,22,103.6441,30.954,16.0
3149,22,103.8851,30.6857,87.5
3150,22,104.1877,30.5698,88.0
3151,22,103.8366,30.7025,14.0
3152,22,104.0903,30.6888,20.0
3153,22,103.9252,30.8071,13.0
3154,22,103.6469,30.9767,15.0
3155,22,103.984,30.6868,5.0
3156,22,103.9265,30.7979,6.0
3157,22,104.0674,30.6541,7.0
3158,22,104.037,30.5135,18.0
3159,22,103.9914,30.5724,10.0
3160,22,104.0713,30.6801,50.0
3161,22,104.2654,30.5645,11.88
3162,22,103.6687,31.0201,39.75
3163,22,104.0557,30.7339,12.0
3164,22,103.9536,30.6897,6.0
3165,22,104.0881,30.6607,38.5
3166,22,104.0591,30.6406,14.33
3167,22,103.8761,30.8068,45.0
3168,22,104.0738,30.5505,9.0
3169,22,103.6305,31.0082,42.25
3170,22,104.0066,30.6602,11.0
3171,22,104.1971,30.8277,13.67
3172,22,103.6766,31.0314,31.0
3173,22,104.253,30.8991,19.0
3174,22,103.8835,30.8142,85.0
3175,22,103.9307,30.58,29.67
3176,22,104.2446,30.5341,57.0
3177,22,103.9894,30.6764,19.0
3178,22,104.0727,30.6453,40.33
3179,22,104.0904,30.6356,8.33
3180,22,103.9852,30.7231,14.5
3181,22,103.8945,30.8069,31.42
3182,22,104.1536,30.815,11.0
3183,22,104.0739,30.6302,12.0
3184,22,104.0282,30.668,49.33
3185,22,103.654,30.9963,17.0
3186,22,104.039,30.8224,16.0
3187,22,104.1157,30.6931,12.5
3188,22,104.0219,30.6248,42.5
3189,22,104.0616,30.6201,4.0
3190,22,104.2875,30.5659,9.0
3191,22,104.0734,30.6083,36.18
3192,22,104.1754,30.8386,23.0
3193,22,104.1115,30.6017,36.0
3194,22,103.952,31.0022,10.0
3195,22,104.0566,30.6709,20.0
3196,22,103.9478,30.9885,16.5
3197,22,104.1928,30.6535,26.0
3198,22,104.0839,30.5986,20.5
3199,22,103.9125,30.8023,52.47
3200,22,103.9967,30.5851,21.0
3201,22,104.0807,30.6926,18.0
3202,22,104.1527,30.6288,7.0
3203,22,104.1047,30.609,22.0
3204,22,104.0422,30.5595,13.0
3205,22,103.9706,30.9842,20.0
3206,22,103.6671,30.9909,30.78
3207,22,103.6043,30.9854,131.0
3208,22,104.051,30.6212,19.8
3209,22,104.154,30.6085,15.0
3210,22,104.0789,30.6721,15.67
3211,22,103.8703,30.691,56.67
3212,22,104.2321,30.5765,12.0
3213,22,104.1608,30.6376,77.0
3214,22,104.0685,30.7296,28.0
3215,22,104.0321,30.629,27.67
3216,22,103.9163,30.5827,14.5
3217,22,104.0346,30.6547,10.5
3218,22,104.0344,30.7512,29.0
3219,22,103.8273,30.7114,81.0
3220,22,104.0185,30.7159,61.0
3221,22,103.6345,30.9833,14.0
3222,22,104.2635,30.891,8.67
3223,22,104.1436,30.6779,31.17
3224,22,104.2488,30.5788,6.0
3225,22,103.6914,30.6451,33.0
3226,22,103.8861,30.8266,35.5
3227,22,103.6426,30.9965,21.35
3228,22,103.9919,30.7157,24.0
3229,22,103.965,30.5847,15.75
3230,22,104.0713,30.719,7.0
3231,22,104.1099,30.6462,8.0
3232,22,104.0799,30.6165,8.33
3233,22,104.1993,30.8157,7.5
3234,22,103.8452,30.7142,38.5
3235,22,104.1038,30.7164,27.0
3236,22,103.908,30.794,65.0
3237,22,104.1782,30.8117,13.0
3238,22,104.1325,30.6781,27.0
3239,22,104.2564,30.5436,32.0
3240,22,104.1748,30.8225,18.0
3241,22,104.1975,30.8378,134.0
3242,22,103.8742,30.7122,44.0
3243,22,103.835,30.6926,40.71
3244,22,104.2733,30.8846,10.86
3245,22,103.8239,30.7007,24.0
3246,22,104.0362,30.6877,29.0
3247,22,103.9948,30.6506,18.0
3248,22,104.0265,30.6452,10.0
3249,22,103.8441,30.7307,79.0
3250,22,103.9706,30.7611,11.5
3251,22,104.2621,30.5789,10.4
3252,23,103.9691,30.6894,18.0
3253,23,104.2741,30.8775,11.5
3254,23,104.0839,30.5986,48.5
3255,23,104.0978,30.5676,55.33
3256,23,104.1603,30.8309,9.0
3257,23,104.0966,30.6607,5.5
3258,23,103.624,31.0166,13.0
3259,23,104.2453,30.551,22.0
3260,23,103.8379,30.7024,45.0
3261,23,103.8132,30.7006,23.67
3262,23,104.0706,30.7188,10.67
3263,23,103.9699,30.6741,16.0
3264,23,104.0472,30.6441,9.0
3265,23,103.9869,30.6548,133.0
3266,23,104.1223,30.7502,14.5
3267,23,103.6554,30.9919,11.25
3268,23,104.1072,30.6835,4.0
3269,23,104.3966,30.866,4.0
3270,23,104.17,30.6227,17.0
3271,23,104.1863,30.8189,10.0
3272,23,103.6481,31.0024,13.5
3273,23,104.0183,30.7116,56.11
3274,23,103.908,30.7954,30.7
3275,23,103.8938,30.8192,16.0
3276,23,104.0607,30.6267,4.0
3277,23,103.9275,30.8059,10.0
3278,23,104.076,30.4935,13.0
3279,23,104.285,30.8788,9.5
3280,23,103.6311,31.0049,11.67
3281,23,103.8328,30.6892,24.0
3282,23,103.6405,30.9936,9.62
3283,23,103.9145,30.5654,13.0
3284,23,103.9171,30.8098,60.75
3285,23,103.8944,30.7937,13.0
3286,23,103.6649,31.0055,17.0
3287,23,103.8324,30.6763,43.0
3288,23,104.0301,30.6766,36.5
3289,23,104.0052,30.6556,24.0
3290,23,104.0124,30.6296,14.5
3291,23,103.9948,30.6102,23.5
3292,23,104.1754,30.8081,10.5
3293,23,103.8613,30.8824,62.0
3294,23,104.0704,30.573,33.0
3295,23,104.1031,30.6261,12.33
3296,23,104.2763,30.8887,7.67
3297,23,104.11,30.6465,14.0
3298,23,104.1535,30.8134,8.5
3299,23,104.0448,30.6075,17.0
3300,23,104.1267,30.6737,85.0
3301,23,103.8532,30.6942,11.0
3302,23,104.2619,30.8896,11.93
3303,23,104.0514,30.7206,9.0
3304,23,104.1454,30.603,28.0
3305,23,103.8691,30.7098,9.0
3306,23,104.0225,30.7436,11.0
3307,23,104.2814,30.5675,8.5
3308,23,103.8574,30.7062,23.2
3309,23,103.9857,30.7282,13.0
3310,23,103.6688,30.9809,8.0
3311,23,103.8826,30.8202,24.25
3312,23,104.0983,30.7127,15.5
3313,23,104.0862,30.7064,23.5
3314,23,104.0932,30.6761,16.0
3315,23,104.0519,30.5569,22.0
3316,23,103.8695,30.6897,42.88
3317,23,103.8427,30.6935,50.67
3318,23,103.8412,30.7167,15.0
3319,23,104.0048,30.6888,12.0
3320,23,103.7855,30.781,11.0
3321,23,103.8445,30.7303,16.0
3322,23,103.833,30.7273,9.0
3323,23,103.6281,30.9802,11.17
3324,23,103.6588,30.9716,38.5
3325,23,104.1765,30.8254,12.25
3326,23,104.3036,30.5861,53.5
3327,23,104.0852,30.6901,6.0
3328,23,104.0708,30.5214,14.5
3329,23,104.0601,30.6704,9.0
3330,23,103.9661,30.9936,15.0
3331,23,104.0271,30.6582,14.0
3332,23,104.1493,30.8249,15.0
3333,23,103.8992,30.8074,29.89
3334,23,104.1482,30.6362,32.4
3335,23,104.27,30.5609,77.0
3336,23,104.1996,30.8158,16.0
3337,23,104.1326,30.6856,15.0
3338,23,103.9209,30.5952,80.0
3339,23,104.2632,30.5518,10.67
3340,23,103.9808,30.7067,38.5
3341,23,103.6393,30.9679,20.0
3342,23,104.1633,30.8396,9.0
3343,23,104.0933,30.6493,12.6
3344,23,103.8671,30.8407,24.0
3345,23,104.249,30.542,21.0
3346,23,104.3011,30.8927,20.0
3347,23,104.124,30.71,14.0
3348,23,103.9805,30.5748,18.5
3349,23,103.9836,30.6402,6.5
3350,23,104.09,30.6346,12.25
3351,23,104.2769,30.585,14.0
3352,23,104.0808,30.6776,10.0
3353,23,104.2674,30.5756,10.29
3354,23,104.0221,30.6335,19.0
3355,23,103.9266,30.5831,15.0
3356,23,103.989,30.6685,4.0
3357,23,104.2917,30.5731,7.5
3358,23,104.1776,30.6033,16.0
3359,23,104.0562,30.6537,6.0
3360,23,104.096,30.6975,14.0
3361,23,104.0112,30.703,6.0
3362,23,104.0323,30.7356,18.0
3363,23,103.9709,30.757,15.67
3364,23,104.0651,30.6801,72.75
3365,23,103.6227,30.9881,13.0
3366,23,104.1273,30.6273,78.0
3367,23,103.6614,31.0157,11.75
3368,23,104.0233,30.6493,10.0
3369,23,104.0468,30.6337,15.0
3370,23,104.1693,30.8553,18.0
3371,23,103.9229,30.7968,26.0
3372,23,103.6757,30.6283,20.0
3373,23,104.0866,30.4995,15.0
3374,23,104.4433,30.8658,18.5
3375,23,104.0773,30.6613,20.62
3376,23,104.0059,30.5735,12.0
3377,23,103.9616,30.5736,10.43
3378,23,103.9646,30.5872,12.0
3379,23,103.709,30.6273,59.0
3380,23,104.4339,30.8562,130.0
3381,23,103.826,30.7112,22.0
3382,23,104.0741,30.6291,7.5
3383,23,104.1611,30.6446,51.0
3384,23,104.2492,30.8958,11.33
3385,23,104.1309,30.651,57.0
3386,23,104.2356,30.5762,12.0
3387,23,104.1563,30.6796,9.0
3388,23,103.8192,30.6836,69.0
3389,23,104.1163,30.6589,17.6
