1.匿名的用户 ID ,2.使用者的当前位置信息 ,3.使用者的上车位置信息 ,4.使用者的下车位置信息 ,7.订单发起时间 ,8.订单结束时间 
107888,"123.439998,41.777085","123.43869152881,41.77710039691","123.45781236457,41.808227053175",2018/8/8 12:42,2018/8/8 13:04
524604,"123.436372,41.767044","123.43620985243,41.766597222222","123.44917724609,41.743994954427",2018/8/8 8:41,2018/8/8 8:52
529883,"123.358371,41.762956","123.35705906083,41.762521027642","123.37640140462,41.791269913494",2018/8/8 11:18,2018/8/8 11:34
600470,"123.411579,41.816216","123.41148627387,41.816281467014","123.41704752604,41.838628200955",2018/8/8 0:51,2018/8/8 1:14
1538675,"123.459383,41.735586","123.4613636437,41.736289288538","123.46143625367,41.773170472983",2018/8/8 17:18,2018/8/8 17:43
2053347,"123.394832,41.776021","123.39453969491,41.776013990112","123.39410748611,41.752124920915",2018/8/8 8:09,2018/8/8 8:18
2599544,"123.427598,41.785973","123.42749463674,41.786083045324","123.40542030616,41.796829428248",2018/8/8 13:54,2018/8/8 14:24
2985610,"123.374745,41.789455","123.37533346477,41.789626453342","123.3656446631,41.772145895122",2018/8/8 22:43,2018/8/8 22:53
3097287,"123.346734,41.842793","123.34734761745,41.843478541431","123.40454805921,41.794912201178",2018/8/8 11:15,2018/8/8 11:49
3509129,"123.459905,41.79128","123.45995891462,41.791024073171","123.39357438723,41.782444402248",2018/8/8 18:58,2018/8/8 19:31
3554642,"123.382171,41.76521","123.38242540148,41.765236545139","123.37495578342,41.797618543837",2018/8/8 23:13,2018/8/8 23:25
3870224,"123.402547,41.743111","123.40251657187,41.743182340563","123.44658869506,41.731602979961",2018/8/8 14:50,2018/8/8 15:07
4177229,"123.322661,41.814431","123.32423930566,41.814140110058","123.29461535566,41.795952534809",2018/8/8 8:31,2018/8/8 8:47
4202625,"123.507861,41.83603","123.5070751471,41.837012243683","123.45249999526,41.820305504978",2018/8/8 8:21,2018/8/8 8:49
4269181,"123.426857,41.771971","123.42741006361,41.771710353836","123.41618339066,41.758535056984",2018/8/8 11:22,2018/8/8 11:42
4428410,"123.401138,41.769644","123.39943657769,41.768653428819","123.41796196832,41.781285536024",2018/8/8 7:42,2018/8/8 8:06
4459025,"123.431021,41.703218","123.43167600408,41.702903148434","123.39197933452,41.863292411845",2018/8/8 20:08,2018/8/8 20:52
4541787,"123.38864,41.877027","123.38863545887,41.876807053609","123.41961520892,41.8529426886",2018/8/8 5:34,2018/8/8 5:47
4599138,"123.270853,41.791681","123.27744137122,41.793669907301","123.32407767714,41.794236750498",2018/8/8 16:32,2018/8/8 16:45
4666019,"123.294255,41.771125","123.29803194604,41.774757893208","123.44664974112,41.808626398939",2018/8/8 13:15,2018/8/8 14:00
4707202,"123.414608,41.768513","123.41421373739,41.769274904144","123.39227689372,41.734071588193",2018/8/8 22:30,2018/8/8 22:50
4729739,"123.505427,41.778785","123.50476636009,41.779195344744","123.42630909942,41.812015944699",2018/8/8 7:49,2018/8/8 8:31
4821174,"123.419046,41.82297","123.41893926599,41.823234246226","123.40496748266,41.791678630456",2018/8/8 9:12,2018/8/8 9:34
4828928,"123.434969,41.796345","123.43540542787,41.796843002028","123.43287418459,41.809983496218",2018/8/8 12:15,2018/8/8 12:31
4913496,"123.520345,41.749089","123.52027578496,41.748945582753","123.46354674932,41.750033401422",2018/8/8 8:27,2018/8/8 8:43
5041758,"123.409566,41.795338","123.41151340061,41.796882595486","123.37554497613,41.824632703993",2018/8/8 16:19,2018/8/8 16:47
5054504,"123.384569,41.803561","123.38453473619,41.803615668796","123.41316771027,41.791260077566",2018/8/8 10:39,2018/8/8 11:00
5316736,"123.46107,41.728689","123.46196283603,41.728831103818","123.4919974886,41.738289419408",2018/8/8 21:19,2018/8/8 21:40
5394613,"123.438834,41.848032","123.43885768248,41.848054660708","123.45660512021,41.856429163485",2018/8/8 21:35,2018/8/8 21:42
5556060,"123.435298,41.77853","123.43548890019,41.776699472609","123.40754092773,41.774142246489",2018/8/8 20:13,2018/8/8 20:30
5748521,"123.379415,41.819758","123.37924804688,41.820336642795","123.43318630642,41.833579915365",2018/8/8 12:37,2018/8/8 13:07
5809272,"123.328548,41.818136","123.32960387533,41.8170340591","123.32603602932,41.840074092553",2018/8/8 17:59,2018/8/8 18:18
5903222,"123.400649,41.921344","123.40051613768,41.920251860508","123.40269711613,41.886856385729",2018/8/8 20:34,2018/8/8 20:50
5944855,"123.360444,41.781907","123.36018515927,41.780841615357","123.35166387973,41.784931185319",2018/8/8 18:11,2018/8/8 18:22
6028691,"123.318974,41.772696","123.31999502024,41.771457321115","123.32627344088,41.813586700011",2018/8/8 14:07,2018/8/8 14:31
6166933,"123.320325,41.763403","123.320289544,41.763517605352","123.33349353202,41.775534977739",2018/8/8 20:06,2018/8/8 20:21
6259131,"123.451125,41.79772","123.45158638313,41.797710529024","123.50940861621,41.808685747367",2018/8/8 23:21,2018/8/8 23:38
6261511,"123.399434,41.749342","123.39774991517,41.747984321568","123.40198390245,41.739886620038",2018/8/8 7:52,2018/8/8 8:05
6294229,"123.424612,41.807228","123.42489872726,41.807029850202","123.48647654426,41.855704285736",2018/8/8 15:59,2018/8/8 16:34
6344256,"123.426713,41.818562","123.4260977014,41.818443463503","123.41062487974,41.80665342749",2018/8/8 8:38,2018/8/8 9:02
6408189,"123.366544,41.77729","123.36895887587,41.77768500434","123.37047471788,41.809543999566",2018/8/8 16:40,2018/8/8 17:00
6624927,"123.495982,41.808946","123.49592558546,41.808943456317","123.40565180549,41.813939055257",2018/8/8 17:54,2018/8/8 18:27
6712925,"123.436862,41.736044","123.43700798324,41.736751496075","123.44305921858,41.740599662058",2018/8/8 14:59,2018/8/8 15:19
6741917,"123.489105,41.745536","123.48995792673,41.745438929504","123.4273695115,41.764502954229",2018/8/8 9:37,2018/8/8 10:24
6752686,"123.394622,41.804485","123.39495375347,41.804698016678","123.50708803812,41.796415291495",2018/8/8 20:02,2018/8/8 20:24
6901152,"123.410743,41.766445","123.41166966017,41.766470937211","123.40090940039,41.78151810042",2018/8/8 12:11,2018/8/8 12:28
6903280,"123.373135,41.803738","123.37412603391,41.803345405687","123.37574395852,41.81030910454",2018/8/8 12:06,2018/8/8 12:17
6908071,"123.432342,41.922137","123.43215060764,41.922531738281","123.40329264323,41.919901529948",2018/8/8 5:41,2018/8/8 5:50
6936842,"123.407901,41.774787","123.40818285341,41.77523956355","123.42880134157,41.756434607654",2018/8/8 16:45,2018/8/8 17:16
7024598,"123.354855,41.860021","123.35441301099,41.859307770729","123.36426215588,41.857405235812",2018/8/8 18:28,2018/8/8 18:34
7225126,"123.488812,41.804357","123.48886667001,41.804433063557","123.55921734989,41.776608201391",2018/8/8 0:40,2018/8/8 0:57
7373783,"123.349093,41.776557","123.34886316726,41.77658638387","123.33235383587,41.747859508764",2018/8/8 18:25,2018/8/8 18:48
7489657,"123.507345,41.905648","123.50726413677,41.905651252915","123.59467382748,41.922579984552",2018/8/8 8:18,2018/8/8 8:41
7493299,"123.431035,41.815119","123.43146717553,41.815276121899","123.42963790435,41.823602472821",2018/8/8 18:39,2018/8/8 18:49
7524097,"123.417318,41.869606","123.41759440104,41.869548068576","123.43848280165,41.888136121962",2018/8/8 21:25,2018/8/8 21:44
7618499,"123.278498,41.801735","123.27915934245,41.802784288194","123.3095703125,41.795265299479",2018/8/8 8:03,2018/8/8 8:28
7624282,"123.392825,41.752505","123.39378553602,41.752168240017","123.39619791667,41.729691297743",2018/8/8 11:52,2018/8/8 12:02
7750545,"123.327431,41.750368","123.32818223741,41.750063205295","123.36047254774,41.773581542969",2018/8/8 16:28,2018/8/8 16:44
7765974,"123.415453,41.785176","123.50338406033,41.838823242188","123.4483211263,41.796564941406",2018/8/8 10:40,2018/8/8 11:17
7959950,"123.456333,41.803384","123.45609101946,41.803334443643","123.42645520776,41.878505707009",2018/8/8 21:50,2018/8/8 22:27
7986305,"123.354201,41.754952","123.35423416981,41.754937430604","123.37257152318,41.815921963442",2018/8/8 11:17,2018/8/8 11:46
7995974,"123.421127,41.829114","123.42050732627,41.829412660616","123.4266023976,41.785186764196",2018/8/8 7:53,2018/8/8 8:21
8026388,"123.397401,41.848321","123.39838123582,41.847860083682","123.3695679232,41.822383721271",2018/8/8 23:36,2018/8/8 23:54
8042260,"123.452903,41.770502","123.4561859809,41.77020968967","123.41365668403,41.790936143663",2018/8/8 15:43,2018/8/8 16:13
8094935,"123.479987,41.76137","123.48099278397,41.763382313234","123.5039606966,41.781190825229",2018/8/8 10:07,2018/8/8 10:23
8194698,"123.398351,41.848559","123.39842969827,41.848508788252","123.39322420125,41.909702351789",2018/8/8 13:36,2018/8/8 14:01
8451062,"123.376858,41.791854","123.37591861096,41.790642618557","123.36253234327,41.774689227164",2018/8/8 7:34,2018/8/8 7:45
8652986,"123.387021,41.817026","123.39154432509,41.818616807726","123.42981146918,41.832345648872",2018/8/8 8:13,2018/8/8 8:42
8791578,"123.482612,41.720906","123.48238241719,41.720362616907","123.4722110873,41.708261339456",2018/8/8 13:03,2018/8/8 13:15
9004713,"123.488367,41.74948","123.48723504608,41.749355120172","123.41011843135,41.792630043796",2018/8/8 15:08,2018/8/8 15:37
9141677,"123.241905,41.730841","123.24278076172,41.730749782986","123.27276774089,41.75502983941",2018/8/8 7:02,2018/8/8 7:13
9209352,"123.409326,41.774185","123.40941745294,41.7739185661","123.39854843106,41.78876544027",2018/8/8 13:49,2018/8/8 13:59
9214063,"123.34815,41.75667","123.34823540453,41.758309297989","123.32482471395,41.751547220297",2018/8/8 13:46,2018/8/8 14:00
9234754,"123.528089,41.748878","123.52819281684,41.748993869358","123.45786621094,41.727417263455",2018/8/8 12:39,2018/8/8 12:54
9334977,"123.471391,41.803141","123.47154392925,41.803216803593","123.38195697869,41.810338591575",2018/8/8 21:37,2018/8/8 22:11
9509215,"123.471482,41.811691","123.47105776379,41.811544365273","123.43114090917,41.815049266674",2018/8/8 20:48,2018/8/8 21:10
9539679,"123.402448,41.831246","123.40531843825,41.831145096401","123.47325000103,41.836114625643",2018/8/8 17:04,2018/8/8 17:18
9809777,"123.502059,41.773126","123.49866554384,41.773113750325","123.46314287671,41.723554941127",2018/8/8 9:35,2018/8/8 10:01
10254320,"123.454218,41.813851","123.45478526851,41.813591668815","123.48931732438,41.832407215446",2018/8/8 16:28,2018/8/8 16:46
10266704,"123.37195,41.830494","123.37267708836,41.831169313881","123.40977846529,41.82712363939",2018/8/8 9:25,2018/8/8 9:45
10277974,"123.462722,41.690264","123.46279932825,41.690275181804","123.4589216885,41.707960007578",2018/8/8 18:12,2018/8/8 18:18
10297174,"123.507827,41.932099","123.51527254316,41.936339553495","123.54586726865,41.942115834203",2018/8/8 11:29,2018/8/8 11:41
10297418,"123.419856,41.8186","123.42004279201,41.818638844719","123.42112094306,41.866859642596",2018/8/8 13:38,2018/8/8 14:03
10362661,"123.439204,41.79402","123.43907009549,41.795019802517","123.45244249132,41.815000813802",2018/8/8 13:23,2018/8/8 13:35
10486829,"123.456353,41.810182","123.45674524878,41.810442649627","123.51275082432,41.820664080475",2018/8/8 3:10,2018/8/8 3:22
10675498,"123.207617,41.76432","123.20769290046,41.763958781983","123.3416222112,41.744559563731",2018/8/8 20:52,2018/8/8 21:21
10732787,"123.469942,41.833979","123.47058365821,41.833581391779","123.43102304946,41.832373765785",2018/8/8 6:52,2018/8/8 7:02
10862460,"123.399754,41.782186","123.39966658613,41.782167380102","123.4406967931,41.712260213684",2018/8/8 22:26,2018/8/8 22:50
10978498,"123.413035,41.87106","123.41297624891,41.870859750493","123.39956799685,41.873527805247",2018/8/8 21:11,2018/8/8 21:21
11482136,"123.457125,41.730387","123.45739906135,41.730512849573","123.47391093999,41.738951701715",2018/8/8 18:18,2018/8/8 18:29
11501981,"123.36266,41.830755","123.36328553173,41.830740125839","123.38238701049,41.818969677841",2018/8/8 8:00,2018/8/8 8:21
11740366,"123.49541,41.747825","123.49383092155,41.748438556271","123.4352385376,41.807006014923",2018/8/8 9:45,2018/8/8 10:21
11874973,"123.331766,41.792792","123.33131293403,41.792807888455","123.29928900825,41.771399197049",2018/8/8 17:53,2018/8/8 18:11
12012683,"123.526056,41.815488","123.52680342194,41.814393381444","123.4560497132,41.818412807211",2018/8/8 14:47,2018/8/8 15:10
12239873,"123.377366,41.808028","123.37591206917,41.807192599538","123.4002343841,41.792188382628",2018/8/8 12:15,2018/8/8 12:37
12957265,"123.475758,41.778471","123.47556438895,41.778235362455","123.39528835062,41.793367923445",2018/8/8 19:51,2018/8/8 20:22
13171309,"123.455234,41.742887","123.45483513929,41.742578609804","123.51330211633,41.751455775278",2018/8/8 17:28,2018/8/8 17:46
13237045,"123.425876,41.775591","123.4280191779,41.773819454428","123.46451329835,41.801320355781",2018/8/8 15:02,2018/8/8 15:33
13318253,"123.436106,41.808954","123.43606300034,41.808996545623","123.43459976801,41.715841669634",2018/8/8 20:50,2018/8/8 21:18
14255168,"123.457746,41.72973","123.45758924696,41.730633409288","123.43299506293,41.771178656684",2018/8/8 9:52,2018/8/8 10:13
14373577,"123.468217,41.736044","123.46747314791,41.735934136796","123.48462324314,41.745378325728",2018/8/8 14:05,2018/8/8 14:23
14681767,"123.440697,41.805692","123.4407659611,41.805927514825","123.39563211059,41.807270651113",2018/8/8 16:01,2018/8/8 16:19
14722600,"123.432253,41.805865","123.36031826212,41.796142041749","123.43792921894,41.75917516183",2018/8/8 10:11,2018/8/8 10:49
14883661,"123.397088,41.78892","123.39794433594,41.78856499566","123.44081000434,41.796988661024",2018/8/8 10:56,2018/8/8 11:21
15536927,"123.421758,41.789048","123.42195145363,41.789051564859","123.43179432129,41.765386665801",2018/8/8 14:16,2018/8/8 14:35
15568117,"123.415043,41.761616","123.41493869358,41.761618381076","123.39695882161,41.794825846354",2018/8/8 15:55,2018/8/8 16:19
16043539,"123.395017,41.826224","123.39533468481,41.825940887899","123.38331356566,41.894738876815",2018/8/8 21:33,2018/8/8 21:55
16193421,"123.458188,41.67553","123.45379743915,41.676777406709","123.38385782704,41.678743322805",2018/8/8 13:56,2018/8/8 14:16
16230834,"123.398958,41.81979","123.39977721718,41.82020246011","123.39985738857,41.820161407603",2018/8/8 22:33,2018/8/8 22:39
16686297,"123.420936,41.797945","123.42002988746,41.797533533461","123.4005893632,41.816632091865",2018/8/8 20:05,2018/8/8 20:23
17180346,"123.411374,41.839366","123.41132402585,41.83925354654","123.4743222713,41.875896214965",2018/8/8 12:47,2018/8/8 13:16
19039400,"123.391779,41.776086","123.39195363002,41.776076056713","123.4332648409,41.765071239051",2018/8/8 13:38,2018/8/8 14:02
19846565,"123.392521,41.876912","123.39272992493,41.876778791736","123.4061370625,41.873561983622",2018/8/8 15:03,2018/8/8 15:09
20074747,"123.385265,41.799396","123.38419301585,41.799063270574","123.37581860653,41.796674555689",2018/8/8 8:54,2018/8/8 9:05
20781977,"123.432818,41.778525","123.43225585938,41.778385687934","123.4273952908,41.764509277344",2018/8/8 11:28,2018/8/8 11:45
20873372,"123.358558,41.834229","123.35832478568,41.833033338665","123.41905995749,41.818525736515",2018/8/8 8:19,2018/8/8 8:46
21907371,"123.460881,41.7197","123.45954901292,41.71920885643","123.41681041064,41.69020467313",2018/8/8 13:56,2018/8/8 14:12
21975553,"123.326885,41.830692","123.32657463986,41.830080107524","123.38969476114,41.854465888775",2018/8/8 15:39,2018/8/8 16:03
22275182,"123.328645,41.828056","123.32797441913,41.827486422886","123.38878330487,41.77545652288",2018/8/8 11:56,2018/8/8 12:32
22422543,"123.409299,41.750915","123.4057971804,41.749516619705","123.45754244474,41.745147334938",2018/8/8 19:54,2018/8/8 20:13
22750796,"123.340839,41.662337","123.3407888526,41.663151995548","123.34172017516,41.664148947289",2018/8/8 15:48,2018/8/8 15:51
23054776,"123.35378,41.757528","123.35412689225,41.756400796911","123.43389988732,41.776604572332",2018/8/8 10:10,2018/8/8 10:48
23503801,"123.357627,41.75192","123.35744122659,41.751870930836","123.38107455123,41.787477411337",2018/8/8 16:06,2018/8/8 16:29
23892712,"123.421594,41.876168","123.42175053384,41.876200940178","123.38857120883,41.876931099828",2018/8/8 20:26,2018/8/8 20:37
24666415,"123.43575,41.758241","123.43784456644,41.755055012229","123.45226340089,41.79618104254",2018/8/8 0:42,2018/8/8 1:09
24880743,"123.432849,41.802076","123.43291204447,41.801506781677","123.3796392435,41.811137728429",2018/8/8 9:33,2018/8/8 10:00
25098595,"123.436495,41.757159","123.43622215937,41.758537330125","123.43660680588,41.81825622111",2018/8/8 6:38,2018/8/8 7:00
25965602,"123.390427,41.782191","123.38996432082,41.781579654977","123.44014970178,41.770978063409",2018/8/8 7:04,2018/8/8 7:22
26246999,"123.356137,41.810832","123.35682725694,41.810622558594","123.38183837891,41.802615831163",2018/8/8 9:21,2018/8/8 9:34
26728082,"123.324087,41.773115","123.32598653453,41.772714337865","123.34352324341,41.803841715627",2018/8/8 20:47,2018/8/8 21:04
26769711,"123.399033,41.746059","123.39842990451,41.745801052517","123.43244710286,41.761033528646",2018/8/8 8:12,2018/8/8 8:44
26790667,"123.45634,41.742633","123.45602947041,41.743614593306","123.41366223385,41.740385040882",2018/8/8 16:29,2018/8/8 16:47
27104663,"123.334724,41.748188","123.33587322093,41.749530708751","123.27974192252,41.794487442324",2018/8/8 8:52,2018/8/8 9:18
27235789,"123.519443,41.753124","123.51852050781,41.75267171224","123.44502224392,41.801281195747",2018/8/8 11:00,2018/8/8 11:47
100849123,"123.437377,41.854612","123.43725004031,41.854707856787","123.41877540874,41.944484657817",2018/8/8 23:30,2018/8/8 23:58
101583166,"123.460956,41.808227","123.46099882252,41.808316129015","123.42691395447,41.784593474197",2018/8/8 10:12,2018/8/8 10:43
102223031,"123.400103,41.871804","123.40010429878,41.871893006017","123.41012303106,41.827104264392",2018/8/8 8:30,2018/8/8 9:04
103599131,"123.318577,41.772446","123.31862194953,41.772465846386","123.36095266465,41.774038327842",2018/8/8 7:24,2018/8/8 7:50
104137559,"123.410242,41.777496","123.41040068026,41.777462766516","123.3916333728,41.795208979807",2018/8/8 13:19,2018/8/8 13:33
106859173,"123.420845,41.787042","123.42083335715,41.786892969249","123.41418143196,41.857371325896",2018/8/8 20:35,2018/8/8 21:15
107066804,"123.394075,41.688768","123.39350418128,41.687831264634","123.42192811852,41.686991037661",2018/8/8 19:28,2018/8/8 19:40
107204047,"123.433007,41.811452","123.43285851708,41.811492109431","123.41518217988,41.81009248271",2018/8/8 21:59,2018/8/8 22:12
107986218,"123.456693,41.718738","123.45647941782,41.718415044994","123.4590458683,41.741462749573",2018/8/8 10:05,2018/8/8 10:21
109478388,"123.459908,41.793595","123.45997554087,41.793561731276","123.35525335039,41.782180069346",2018/8/8 16:01,2018/8/8 17:02
110203532,"123.441654,41.791914","123.44169080584,41.790760581829","123.4079157108,41.801259441836",2018/8/8 8:10,2018/8/8 8:34
110613362,"123.386423,41.773227","123.38654653619,41.773310403665","123.46153155106,41.735756372864",2018/8/8 9:34,2018/8/8 10:03
110818115,"123.274435,41.766891","123.2757025467,41.765928274781","123.31298378126,41.765269302519",2018/8/8 15:47,2018/8/8 16:02
111229042,"123.489329,41.836767","123.48975299961,41.836557621481","123.4305994739,41.790376784675",2018/8/8 20:09,2018/8/8 20:35
111432514,"123.409309,41.780033","123.40991413198,41.780019736021","123.42113026614,41.773006986774",2018/8/8 9:35,2018/8/8 9:53
111952780,"123.412724,41.734732","123.41328380737,41.73493473065","123.44340607779,41.824385146419",2018/8/8 8:51,2018/8/8 9:26
113113771,"123.359943,41.78188","123.35940263804,41.780788163845","123.46074113045,41.731645158218",2018/8/8 21:33,2018/8/8 21:58
115238672,"123.398059,41.936941","123.40866783487,41.945770790682","123.58517244959,41.912756866695",2018/8/8 15:03,2018/8/8 15:35
116138459,"123.412455,41.797572","123.41182108299,41.79833890142","123.38328647898,41.814330519429",2018/8/8 16:38,2018/8/8 16:49
116296342,"123.376741,41.800226","123.37691221857,41.798155115018","123.34127384891,41.788728860098",2018/8/8 15:12,2018/8/8 15:32
116456190,"123.369622,41.75244","123.36529485225,41.753137067455","123.39652981786,41.79053789007",2018/8/8 20:31,2018/8/8 20:52
116760502,"123.485559,41.741975","123.487039232,41.743057304372","123.42865808698,41.759909291188",2018/8/8 8:43,2018/8/8 9:16
116792736,"123.484287,41.729754","123.48416158705,41.729695693053","123.44151124895,41.688336360932",2018/8/8 23:05,2018/8/8 23:24
118242952,"123.455962,41.746392","123.45528316728,41.746524959271","123.42785203763,41.765528037119",2018/8/8 9:13,2018/8/8 9:44
119828404,"123.412752,41.822047","123.40834465745,41.819415965568","123.45246956198,41.817275355285",2018/8/8 7:11,2018/8/8 7:29
120280994,"123.487706,41.807118","123.48893163455,41.805824582722","123.47653406063,41.784683172183",2018/8/8 18:52,2018/8/8 19:06
120672240,"123.419806,41.786702","123.41957959506,41.786711432252","123.42008515671,41.816776172749",2018/8/8 21:45,2018/8/8 22:09
121213190,"123.205934,41.79398","123.20962855952,41.794036950405","123.25511146099,41.784457679476",2018/8/8 8:16,2018/8/8 8:35
121279470,"123.433513,41.801745","123.43164461252,41.798846361466","123.45159950253,41.746780863371",2018/8/8 16:17,2018/8/8 16:42
121303913,"123.369315,41.793061","123.37025810734,41.793548095547","123.32621515793,41.790235384892",2018/8/8 13:48,2018/8/8 14:11
121795073,"123.41702,41.805916","123.4169409993,41.805819975506","123.40255090446,41.786653153843",2018/8/8 17:45,2018/8/8 18:08
122120284,"123.345892,41.822841","123.34628683937,41.824992495273","123.43270003916,41.79185067361",2018/8/8 8:58,2018/8/8 9:42
122132647,"123.50851,41.742477","123.50761413322,41.742352011683","123.44505267455,41.761895084127",2018/8/8 16:59,2018/8/8 17:16
122258312,"123.442135,41.732511","123.44168259046,41.733030183899","123.39668739672,41.745525050504",2018/8/8 6:23,2018/8/8 6:41
122559090,"123.344543,41.820584","123.34158829892,41.818523179559","123.38774368147,41.801944252738",2018/8/8 7:56,2018/8/8 8:18
123031931,"123.376718,41.79189","123.37695658776,41.791370871154","123.38538090576,41.775663618495",2018/8/8 20:47,2018/8/8 21:01
123230164,"123.517174,41.755791","123.51094036543,41.755657863306","123.43441985517,41.774735359915",2018/8/8 9:43,2018/8/8 10:14
124279429,"123.429336,41.759801","123.4290970391,41.759319327291","123.49787796229,41.712506625633",2018/8/8 18:11,2018/8/8 18:48
124338186,"123.460089,41.789488","123.45984114056,41.788739618572","123.45872329533,41.803200882024",2018/8/8 13:28,2018/8/8 13:37
124372918,"123.422113,41.80544","123.42153531966,41.804393255764","123.48034427584,41.775827939985",2018/8/8 16:06,2018/8/8 16:35
124546383,"123.456395,41.77066","123.45641609986,41.770609025478","123.47062219868,41.801930175204",2018/8/8 11:02,2018/8/8 11:27
124708943,"123.418562,41.824752","123.41862615066,41.824262446433","123.43255416723,41.779488631788",2018/8/8 12:47,2018/8/8 13:11
126011104,"123.377023,41.796169","123.377706977,41.796409776476","123.40932969835,41.795119628906",2018/8/8 13:16,2018/8/8 13:39
126394538,"123.421108,41.687097","123.42166977398,41.686729718462","123.35470547168,41.648252484138",2018/8/8 0:09,2018/8/8 0:24
126456100,"123.23909,41.785892","123.23891328768,41.785905193526","123.2483023252,41.743020664756",2018/8/8 20:40,2018/8/8 21:45
127068903,"123.456349,41.777846","123.52932777792,41.815238828921","123.4559656588,41.78433058963",2018/8/8 13:56,2018/8/8 14:38
129398531,"123.45015,41.797025","123.45057535284,41.79659751882","123.4683871114,41.806499715673",2018/8/8 8:39,2018/8/8 9:03
130465231,"123.258493,41.730371","123.25910523002,41.730745187743","123.24217442175,41.76517285162",2018/8/8 16:33,2018/8/8 16:44
140960996,"123.38363,41.809872","123.38364010631,41.809883721239","123.41733477626,41.798325374828",2018/8/8 20:53,2018/8/8 21:07
141044343,"123.433753,41.807864","123.43350303362,41.808030158954","123.37351914475,41.813014526896",2018/8/8 21:44,2018/8/8 22:12
141062516,"123.487583,41.787267","123.4879151942,41.787299171453","123.51758301551,41.806970454765",2018/8/8 6:44,2018/8/8 6:56
141322504,"123.435919,41.800213","123.43547398786,41.80027216122","123.43848337605,41.776337296797",2018/8/8 9:14,2018/8/8 9:29
141527193,"123.413681,41.810187","123.41310682509,41.810608995226","123.37870985243,41.815314941406",2018/8/8 8:14,2018/8/8 8:30
141963471,"123.426136,41.811864","123.42599265808,41.812038478129","123.38353969139,41.773263700761",2018/8/8 19:03,2018/8/8 19:27
142528988,"123.436498,41.811146","123.43648515069,41.811305903261","123.3674451821,41.761951742629",2018/8/8 22:34,2018/8/8 22:58
143231084,"123.432063,41.828105","123.43234442118,41.826248563413","123.42137509764,41.820526706526",2018/8/8 14:47,2018/8/8 15:08
143248341,"123.456541,41.845071","123.45688232422,41.84461968316","123.45498806424,41.828025987413",2018/8/8 10:20,2018/8/8 10:28
143549510,"123.378132,41.813423","123.37750320956,41.813816588374","123.41312078487,41.69353958471",2018/8/8 2:44,2018/8/8 3:13
145056539,"123.444979,41.830334","123.44474093967,41.828787163628","123.43159776476,41.830597330729",2018/8/8 18:54,2018/8/8 19:03
145418613,"123.369519,41.780658","123.36920166016,41.780702039931","123.40933051215,41.807454969618",2018/8/8 16:37,2018/8/8 17:08
145602564,"123.228513,41.788491","123.22861800126,41.788833935148","123.3354234764,41.749428239848",2018/8/8 7:42,2018/8/8 8:16
145831111,"123.515858,41.833231","123.51647750211,41.833785622106","123.53253257415,41.802065513687",2018/8/8 8:07,2018/8/8 8:34
1.10392E+11,"123.375219,41.781683","123.37639621505,41.781984867256","123.3878579181,41.750192282611",2018/8/8 8:12,2018/8/8 8:33
1.40658E+11,"123.464336,41.78715","123.46427597631,41.787035410897","123.44593650053,41.764745522838",2018/8/8 12:03,2018/8/8 12:15
1.44986E+11,"123.433286,41.778384","123.43346152489,41.778522644517","123.42430744485,41.812132264253",2018/8/8 14:14,2018/8/8 14:47
2.26016E+11,"123.496584,41.750732","123.49572282439,41.7511516958","123.45935595737,41.718992408057",2018/8/8 4:58,2018/8/8 5:12
2.27996E+11,"123.461941,41.736118","123.46145478345,41.73693611282","123.43558786035,41.816692174903",2018/8/8 14:57,2018/8/8 15:29
2.51529E+11,"123.460047,41.747711","123.4690087867,41.745432872362","123.4690087867,41.745432872362",2018/8/8 12:12,2018/8/8 12:25
2.59719E+11,"123.434714,41.75692","123.43817745865,41.754474473175","123.40290591254,41.868916545653",2018/8/8 11:22,2018/8/8 12:04
3.04131E+11,"123.425882,41.759304","123.42585449219,41.759405924479","123.37514973958,41.807515733507",2018/8/8 18:42,2018/8/8 19:19
3.09748E+11,"123.261509,41.744145","123.26281284578,41.743731747952","123.24262463527,41.743704321637",2018/8/8 22:52,2018/8/8 23:02
3.21778E+11,"123.460603,41.802764","123.46054220004,41.802448913898","123.35358213501,41.864661795255",2018/8/8 15:44,2018/8/8 16:38
3.8315E+11,"123.437696,41.812018","123.43741027668,41.810810286973","123.41890752864,41.758011459404",2018/8/8 21:37,2018/8/8 22:03
3.86009E+11,"123.432185,41.765194","123.43182271366,41.765275112829","123.46382005105,41.769100077171",2018/8/8 15:23,2018/8/8 15:40
4.05628E+11,"123.431261,41.825641","123.43232942207,41.82577623105","123.42120287346,41.79749457706",2018/8/8 19:12,2018/8/8 19:29
4.15397E+11,"123.51029,41.816374","123.51068055697,41.815965493868","123.45683666015,41.810535156041",2018/8/8 12:12,2018/8/8 12:31
4.28673E+11,"123.405846,41.791009","123.33076796898,41.754754621031","123.40589198377,41.790934327734",2018/8/8 15:10,2018/8/8 15:40
5.11376E+11,"123.49023,41.741365","123.49151664868,41.742373316238","123.44098849266,41.796333908131",2018/8/8 4:55,2018/8/8 5:20
5.48361E+11,"123.19575,41.799517","123.19716671409,41.797243405128","123.25007001244,41.794892761028",2018/8/8 10:27,2018/8/8 10:46
5.54396E+11,"123.392938,41.865654","123.3932215751,41.865287824472","123.44609677872,41.835470527266",2018/8/8 6:29,2018/8/8 6:54
5.81736E+11,"123.441319,41.726474","123.44046937331,41.726976351118","123.39155832145,41.795100532316",2018/8/8 12:52,2018/8/8 13:27
6.01934E+11,"123.385789,41.853729","123.38893014155,41.833168816645","123.38704289139,41.854390902798",2018/8/8 20:45,2018/8/8 21:00
6.33198E+11,"123.430701,41.784808","123.43071268707,41.784769240334","123.43239342046,41.776751469246",2018/8/8 1:00,2018/8/8 1:15
6.40004E+11,"123.489561,41.837022","123.48961756295,41.836547611397","123.47157437839,41.793644751719",2018/8/8 14:01,2018/8/8 14:21
6.62015E+11,"123.22424,41.757617","123.22539098464,41.757320207039","123.35755128073,41.780501309731",2018/8/8 16:12,2018/8/8 16:55
6.62468E+11,"123.450174,41.776987","123.44994791265,41.776941068223","123.46925464534,41.735952001362",2018/8/8 12:22,2018/8/8 12:40
6.94056E+11,"123.526578,41.938344","123.5233665582,41.938765036719","123.48139981592,41.860712643673",2018/8/8 2:09,2018/8/8 2:29
7.84166E+11,"123.386776,41.745276","123.38686494354,41.74546949542","123.40524667107,41.793552075215",2018/8/8 16:07,2018/8/8 16:30
7.8711E+11,"123.350585,41.786863","123.35026658958,41.786492407752","123.37455791361,41.781960036911",2018/8/8 22:32,2018/8/8 22:48
7.95034E+11,"123.455339,41.802479","123.45381905094,41.801553402942","123.46780485492,41.816081955573",2018/8/8 21:29,2018/8/8 21:50
8.0115E+11,"123.488199,41.79633","123.48804280599,41.796395128038","123.5056258138,41.745231662326",2018/8/8 21:57,2018/8/8 22:20
8.12243E+11,"123.2016,41.764034","123.201474528,41.763622171497","123.40856497463,41.7942579056",2018/8/8 20:21,2018/8/8 21:14
8.30751E+11,"123.416074,41.773147","123.41637143732,41.772739820586","123.42488097886,41.773735816973",2018/8/8 10:30,2018/8/8 10:59
8.39806E+11,"123.476768,41.774828","123.47718238545,41.774356981634","123.4647551521,41.750560911693",2018/8/8 8:04,2018/8/8 8:21
8.41881E+11,"123.382126,41.813786","123.38209591888,41.814219674244","123.38088611441,41.797078430478",2018/8/8 19:55,2018/8/8 20:04
8.45804E+11,"123.442076,41.681983","123.44254645745,41.681762034742","123.55707790818,41.695525732943",2018/8/8 6:36,2018/8/8 7:29
8.47387E+11,"123.425439,41.8317","123.42535563151,41.831497938368","123.42000515408,41.818671603733",2018/8/8 15:50,2018/8/8 15:59
8.49443E+11,"123.398764,41.754179","123.39854690738,41.754404977792","123.39842074886,41.770726088373",2018/8/8 0:01,2018/8/8 0:12
8.58148E+11,"123.490162,41.770139","123.48832551784,41.770619732739","123.46248859758,41.771463636801",2018/8/8 9:44,2018/8/8 9:55
8.58291E+11,"123.420533,41.692376","123.42583631727,41.701814778646","123.42583034939,41.701816134983",2018/8/8 11:46,2018/8/8 11:47
8.74466E+11,"123.401775,41.791565","123.40175614386,41.791319069685","123.36134979119,41.813325378673",2018/8/8 11:00,2018/8/8 11:35
8.7513E+11,"123.431745,41.82501","123.4320395246,41.824449855461","123.42756818322,41.765771219399",2018/8/8 7:17,2018/8/8 7:47
9.10701E+11,"123.3741,41.802422","123.37461477477,41.801409430405","123.40715389623,41.792665511306",2018/8/8 21:43,2018/8/8 21:54
9.1597E+11,"123.417131,41.792318","123.41718713688,41.792246990942","123.41525673532,41.780317173939",2018/8/8 11:38,2018/8/8 11:55
9.26726E+11,"123.397799,41.795039","123.39875685296,41.795256258889","123.35146926742,41.781678415037",2018/8/8 16:11,2018/8/8 16:34
9.32858E+11,"123.437347,41.787679","123.43773444253,41.788418342434","123.47122764435,41.803258287284",2018/8/8 12:26,2018/8/8 12:46
9.48903E+11,"123.304078,41.77469","123.30373908524,41.774620068943","123.22820716738,41.72880054722",2018/8/8 10:37,2018/8/8 10:54
9.64034E+11,"123.400598,41.832637","123.3996342386,41.833876901178","123.52927183247,41.815191093359",2018/8/8 18:57,2018/8/8 19:26
9.86455E+11,"123.547183,41.775898","123.54824520696,41.773351947132","123.4725435437,41.74550378599",2018/8/8 7:41,2018/8/8 8:08
1.01788E+12,"123.392111,41.797954","123.39176460873,41.798119858234","123.4183466636,41.809102234206",2018/8/8 19:37,2018/8/8 19:53
1.02343E+12,"123.543898,41.743654","123.54577872181,41.744281230053","123.45726102423,41.73025477452",2018/8/8 15:02,2018/8/8 15:21
1.05267E+12,"123.490273,41.840108","123.40172613289,41.781420442805","123.49020536092,41.840225252948",2018/8/8 11:09,2018/8/8 12:03
1.05602E+12,"123.412146,41.814107","123.41132555023,41.812835271315","123.4075939105,41.792613133303",2018/8/8 7:58,2018/8/8 8:37
1.09497E+12,"123.531052,41.840891","123.3874824242,41.806729995502","123.40874526658,41.825405941236",2018/8/8 9:21,2018/8/8 9:42
1.11454E+12,"123.327922,41.802981","123.32808062343,41.802969040334","123.33830497447,41.81195729793",2018/8/8 15:35,2018/8/8 15:54
1.13164E+12,"123.392716,41.796595","123.39189465906,41.798409256449","123.4149916603,41.827401054755",2018/8/8 0:12,2018/8/8 0:28
1.13216E+12,"123.252992,41.739084","123.25313734374,41.739340914632","123.24427893484,41.764994147724",2018/8/8 19:54,2018/8/8 20:02
1.16551E+12,"123.257857,41.779517","123.2569544246,41.777908481693","123.25675049084,41.765753373098",2018/8/8 17:39,2018/8/8 17:48
1.2191E+12,"123.421343,41.770473","123.42421083832,41.771795469776","123.44173413974,41.733172633438",2018/8/8 11:43,2018/8/8 12:03
1.25066E+12,"123.266081,41.750982","123.26581128282,41.751263916113","123.15043105204,41.679493542711",2018/8/8 8:12,2018/8/8 8:37
1.26724E+12,"123.434561,41.818946","123.43640770798,41.817930795733","123.43548609169,41.770882807341",2018/8/8 11:36,2018/8/8 12:03
1.28649E+12,"123.422745,41.915248","123.42262909222,41.915273617718","123.49028622937,41.730140620603",2018/8/8 12:57,2018/8/8 13:40
1.28839E+12,"123.475059,41.704035","123.47355143229,41.70514702691","123.34955566406,41.659319118924",2018/8/8 23:02,2018/8/8 23:36
1.31713E+12,"123.398638,41.752816","123.40515569409,41.749877386195","123.40516386873,41.749872727069",2018/8/8 21:17,2018/8/8 21:25
1.32918E+12,"123.386209,41.811342","123.38624186198,41.809250217014","123.41301784939,41.798046061198",2018/8/8 8:47,2018/8/8 9:20
1.34835E+12,"123.385757,41.793714","123.38550889757,41.793876681858","123.4214851888,41.807123209635",2018/8/8 0:04,2018/8/8 0:28
1.38291E+12,"123.213191,41.748925","123.22515441505,41.765387841199","123.22514562438,41.765408301985",2018/8/8 15:42,2018/8/8 15:44
1.41953E+12,"123.355601,41.781216","123.35515299479,41.781068793403","123.36334798177,41.799274088542",2018/8/8 11:22,2018/8/8 11:37
1.45746E+12,"123.387748,41.874604","123.38732737266,41.873202150356","123.41268967098,41.863781260036",2018/8/8 14:32,2018/8/8 14:43
1.4807E+12,"123.498761,41.825102","123.49911799622,41.824358626934","123.53176305209,41.835369833416",2018/8/8 8:05,2018/8/8 8:21
1.54965E+12,"123.396096,41.790781","123.43972072231,41.81701878845","123.39646973436,41.790434521231",2018/8/8 15:53,2018/8/8 16:31
1.55402E+12,"123.406032,41.814091","123.40630581072,41.813459584542","123.40935105943,41.822655264251",2018/8/8 18:03,2018/8/8 18:19
1.56427E+12,"123.395978,41.745377","123.39614122179,41.745213758681","123.4188422309,41.773591851128",2018/8/8 8:43,2018/8/8 9:08
1.57661E+12,"123.352033,41.78434","123.35197075738,41.784220377604","123.4057413737,41.772261284722",2018/8/8 20:42,2018/8/8 20:57
1.58241E+12,"123.399942,41.786977","123.3998266847,41.786794016131","123.39633459183,41.802007179354",2018/8/8 17:55,2018/8/8 18:18
1.6075E+12,"123.464704,41.699716","123.46443512516,41.69990914974","123.42601359163,41.771817485444",2018/8/8 8:19,2018/8/8 9:02
1.62251E+12,"123.404717,41.830026","123.40547455867,41.831001723193","123.37324682098,41.793309557583",2018/8/8 12:09,2018/8/8 12:44
1.64585E+12,"123.405491,41.863663","123.40539977698,41.863693127976","123.43678157216,41.818179335371",2018/8/8 9:42,2018/8/8 10:18
1.66126E+12,"123.464967,41.83999","123.46591020558,41.839104102668","123.43615407225,41.821081334168",2018/8/8 16:08,2018/8/8 16:24
1.66895E+12,"123.376209,41.873294","123.3760495677,41.873305149323","123.36381417558,41.857323908788",2018/8/8 21:58,2018/8/8 22:09
1.68107E+12,"123.427641,41.772121","123.4279675049,41.772475834421","123.4089307032,41.733742891585",2018/8/8 13:46,2018/8/8 14:11
1.68974E+12,"123.303884,41.772918","123.30391057014,41.772605919298","123.36941936828,41.863696225161",2018/8/8 17:24,2018/8/8 18:03
1.69181E+12,"123.43853,41.776325","123.44013013122,41.778349131363","123.43706078913,41.81831656925",2018/8/8 13:54,2018/8/8 14:29
1.71957E+12,"123.461609,41.73881","123.46147292628,41.735914672154","123.5012891114,41.752326877293",2018/8/8 17:38,2018/8/8 17:55
1.72025E+12,"123.473545,41.814616","123.47527935779,41.814796233561","123.43706278639,41.81831966432",2018/8/8 14:24,2018/8/8 14:54
1.72253E+12,"123.405491,41.852366","123.40572837645,41.852381715345","123.3543948758,41.858032038627",2018/8/8 14:55,2018/8/8 15:09
1.73588E+12,"123.244476,41.76809","123.24514865451,41.767981499566","123.35565999349,41.779499240451",2018/8/8 18:54,2018/8/8 19:20
1.75554E+12,"123.462184,41.764471","123.46221771435,41.76403646597","123.47406098348,41.775499604057",2018/8/8 18:02,2018/8/8 18:18
1.76365E+12,"123.415105,41.802914","123.41544439968,41.803162353989","123.39669622779,41.794806137298",2018/8/8 21:29,2018/8/8 21:42
1.77178E+12,"123.279053,41.845923","123.27872395833,41.844724934896","123.43607421875,41.798108723958",2018/8/8 16:59,2018/8/8 17:44
1.83042E+12,"123.481531,41.831386","123.48168429905,41.831515570747","123.3835281033,41.906232910156",2018/8/8 18:50,2018/8/8 19:32
1.83158E+12,"123.352965,41.839705","123.35293267144,41.83945827908","123.36092692057,41.798129882813",2018/8/8 20:11,2018/8/8 20:31
1.83187E+12,"123.391618,41.800184","123.39088851642,41.799874655473","123.37514463331,41.792382017124",2018/8/8 22:07,2018/8/8 22:15
1.83235E+12,"123.393021,41.91098","123.39415379859,41.909503672545","123.41983859448,41.835057633643",2018/8/8 8:49,2018/8/8 9:34
1.86024E+12,"123.408887,41.794996","123.40901204897,41.795275217006","123.61808858315,41.843969265042",2018/8/8 10:34,2018/8/8 11:19
1.89045E+12,"123.229805,41.76563","123.22982122494,41.765547025219","123.15514034655,41.697121047094",2018/8/8 20:30,2018/8/8 20:48
1.90009E+12,"123.428415,41.757869","123.42848659939,41.757935384115","123.41432807075,41.932858615451",2018/8/8 11:15,2018/8/8 12:01
1.90043E+12,"123.36731,41.858456","123.36731485619,41.858522799183","123.2868642175,41.761999606421",2018/8/8 12:03,2018/8/8 12:31
1.91037E+12,"123.358449,41.825531","123.35900324546,41.825237585303","123.35569170621,41.80008198526",2018/8/8 8:20,2018/8/8 8:37
1.9169E+12,"123.49211,41.790887","123.4914825123,41.791258217474","123.46647777385,41.801069042341",2018/8/8 16:53,2018/8/8 17:12
1.92895E+12,"123.392303,41.800235","123.39224344179,41.800071287946","123.4063877705,41.771232274934",2018/8/8 17:36,2018/8/8 18:04
1.95814E+12,"123.423719,41.812188","123.42431029873,41.812123048733","123.38008133602,41.796087784796",2018/8/8 10:42,2018/8/8 11:11
1.98019E+12,"123.280335,41.807194","123.28015219439,41.807146380004","123.30537560574,41.794393368547",2018/8/8 13:04,2018/8/8 13:26
1.99211E+12,"123.356744,41.7206","123.35662865347,41.720459649573","123.43776228444,41.91425417215",2018/8/8 23:12,2018/8/8 23:57
2.02435E+12,"123.441527,41.725024","123.44160563151,41.72515218099","123.41032199436,41.688427463108",2018/8/8 15:47,2018/8/8 16:04
2.05814E+12,"123.491673,41.766033","123.49178032769,41.76610921224","123.49024061415,41.745413140191",2018/8/8 17:46,2018/8/8 17:57
2.06114E+12,"123.328461,41.740742","123.32693781725,41.739645133731","123.24510656905,41.75603831462",2018/8/8 6:59,2018/8/8 7:21
2.06663E+12,"123.466605,41.744662","123.46659016927,41.744537217882","123.44115641276,41.730994737413",2018/8/8 22:47,2018/8/8 22:59
2.07611E+12,"123.432253,41.805865","123.45676645098,41.712129320638","123.47572094618,41.728133470936",2018/8/8 16:03,2018/8/8 16:16
2.0995E+12,"123.557574,41.775101","123.55852994845,41.775837802448","123.3656688568,41.815858547008",2018/8/8 5:05,2018/8/8 5:40
2.15338E+12,"123.360664,41.812516","123.35992629667,41.812427501815","123.32431956576,41.792907757781",2018/8/8 10:51,2018/8/8 11:13
2.16793E+12,"123.52645,41.816657","123.52564130735,41.81635013726","123.44130197501,41.806662377053",2018/8/8 8:11,2018/8/8 8:45
2.19015E+12,"123.463652,41.8235","123.46351979188,41.8230998475","123.44949712853,41.81717834364",2018/8/8 14:56,2018/8/8 15:05
2.1967E+12,"123.4975,41.82673","123.49748263889,41.826804470486","123.45913438585,41.745474446615",2018/8/8 13:42,2018/8/8 14:16
2.20759E+12,"123.458377,41.67648","123.45823213963,41.676384212029","123.43455466256,41.715790695377",2018/8/8 15:49,2018/8/8 16:08
2.22934E+12,"123.360725,41.813944","123.36048790914,41.813683054266","123.36318739368,41.858327238325",2018/8/8 22:58,2018/8/8 23:12
2.25791E+12,"123.448338,41.744662","123.44825770907,41.744634715334","123.46672903416,41.747366904842",2018/8/8 18:10,2018/8/8 18:19
2.27644E+12,"123.248129,41.743096","123.24838719025,41.742960247326","123.26605972297,41.762146526327",2018/8/8 11:07,2018/8/8 11:17
2.3309E+12,"123.393388,41.859294","123.39337139256,41.859990548672","123.41806682452,41.855791040879",2018/8/8 12:40,2018/8/8 12:51
2.33534E+12,"123.407712,41.7971","123.40768496069,41.797096321067","123.44578750789,41.82879146924",2018/8/8 15:49,2018/8/8 16:14
2.33534E+12,"123.382306,41.810183","123.38213993242,41.810100794641","123.40770916981,41.79700339282",2018/8/8 15:19,2018/8/8 15:33
2.3593E+12,"123.455707,41.679633","123.45633269204,41.679479055824","123.3368690871,41.655701419713",2018/8/8 14:52,2018/8/8 15:20
2.36481E+12,"123.409438,41.745797","123.40742642476,41.74462145105","123.40709733992,41.793838019077",2018/8/8 20:28,2018/8/8 20:55
2.38748E+12,"123.313927,41.799006","123.31234630378,41.799315683955","123.34840243901,41.80357173018",2018/8/8 7:56,2018/8/8 8:13
2.46519E+12,"123.444626,41.814318","123.4442127768,41.813332475728","123.40982536705,41.81232589576",2018/8/8 18:43,2018/8/8 19:00
2.48424E+12,"123.406439,41.91648","123.40657505044,41.916604488265","123.58533094564,41.95512319791",2018/8/8 22:34,2018/8/8 22:53
2.50502E+12,"123.461734,41.767974","123.4597964323,41.767265812087","123.45578651544,41.74656850276",2018/8/8 18:48,2018/8/8 19:03
2.50572E+12,"123.363744,41.764689","123.36384235911,41.764078646421","123.34427471217,41.751344981152",2018/8/8 11:48,2018/8/8 12:01
2.53264E+12,"123.398491,41.786702","123.39936397718,41.786810692577","123.44983088427,41.80137569406",2018/8/8 22:42,2018/8/8 23:02
2.56935E+12,"123.432599,41.78013","123.43263373481,41.779861382378","123.41278944227,41.814673936632",2018/8/8 19:35,2018/8/8 20:07
2.58687E+12,"123.39073,41.808271","123.39050925482,41.808312427681","123.41027301322,41.805529063188",2018/8/8 9:52,2018/8/8 10:09
2.58864E+12,"123.344086,41.790335","123.34361822558,41.789313330336","123.38213738146,41.788219010242",2018/8/8 14:14,2018/8/8 14:37
2.60151E+12,"123.449108,41.745397","123.44930309763,41.744164532688","123.4533510388,41.744030184808",2018/8/8 7:43,2018/8/8 7:50
2.60977E+12,"123.51243,41.746458","123.51279699634,41.746215177037","123.55350937976,41.772787758801",2018/8/8 21:10,2018/8/8 21:22
2.6208E+12,"123.477874,41.838516","123.4775241428,41.838486328125","123.47404622396,41.812374674479",2018/8/8 15:22,2018/8/8 15:39
2.62371E+12,"123.37233,41.789547","123.37206587709,41.789799026589","123.36808757639,41.81679108844",2018/8/8 18:52,2018/8/8 19:13
2.63537E+12,"123.509357,41.751273","123.50940629148,41.751323795581","123.46858150741,41.735953898733",2018/8/8 7:13,2018/8/8 7:26
2.67523E+12,"123.391397,41.730152","123.39151016606,41.730110165132","123.42974656192,41.761100211602",2018/8/8 17:36,2018/8/8 18:05
2.69342E+12,"123.242319,41.744956","123.24214560556,41.744836120029","123.15259225608,41.696544389944",2018/8/8 22:03,2018/8/8 22:19
2.70008E+12,"123.462399,41.792993","123.46240034838,41.793077794688","123.4956056217,41.751164673713",2018/8/8 2:42,2018/8/8 2:59
2.76587E+12,"123.358881,41.803639","123.35869981554,41.803618706597","123.34309488932,41.771617838542",2018/8/8 16:46,2018/8/8 17:05
2.78761E+12,"123.422571,41.802637","123.42256817935,41.802718121647","123.48788270014,41.771452046067",2018/8/8 8:31,2018/8/8 9:06
2.79606E+12,"123.168758,41.770726","123.16887478299,41.77287109375","123.20236735026,41.709290093316",2018/8/8 7:55,2018/8/8 8:19
2.80033E+12,"123.395713,41.794845","123.39694798388,41.794749082239","123.43001772413,41.829331791682",2018/8/8 14:58,2018/8/8 15:23
2.81336E+12,"123.41374,41.735241","123.41472983261,41.734854638236","123.39774048911,41.738566538121",2018/8/8 18:44,2018/8/8 18:59
2.83632E+12,"123.376391,41.812664","123.37655807053,41.812564102875","123.37310278342,41.817351412459",2018/8/8 18:28,2018/8/8 18:46
2.86181E+12,"123.45508,41.831346","123.45490751924,41.831461645461","123.40331169937,41.852282939472",2018/8/8 22:46,2018/8/8 23:01
2.87871E+12,"123.377266,41.792507","123.37722439415,41.792513534111","123.37871347397,41.806087293726",2018/8/8 8:48,2018/8/8 9:00
2.8919E+12,"123.38206,41.789636","123.3821472897,41.789635302849","123.38785277547,41.678918354597",2018/8/8 15:54,2018/8/8 16:34
2.916E+12,"123.452281,41.785649","123.45215211022,41.78536579235","123.46052292181,41.801167725401",2018/8/8 14:04,2018/8/8 14:27
2.91985E+12,"123.439694,41.686893","123.44187421932,41.688329679631","123.48586361529,41.682132976091",2018/8/8 7:45,2018/8/8 8:08
2.9376E+12,"123.433641,41.812533","123.43299500918,41.811270290173","123.39272600987,41.773618107147",2018/8/8 10:56,2018/8/8 11:27
2.93859E+12,"123.417008,41.875394","123.38352437986,41.895718424857","123.41488585376,41.890706525293",2018/8/8 7:53,2018/8/8 8:04
2.94712E+12,"123.41284,41.869178","123.41240395926,41.869415730375","123.40582164747,41.880842784003",2018/8/8 19:47,2018/8/8 19:59
2.95069E+12,"123.2352,41.736761","123.23373098098,41.734558372003","123.27172442342,41.755176333191",2018/8/8 14:42,2018/8/8 14:53
2.97157E+12,"123.462439,41.803743","123.46427719449,41.803295992819","123.36847186534,41.87056143294",2018/8/8 16:48,2018/8/8 17:53
2.97223E+12,"123.479336,41.826023","123.47943061073,41.824520196766","123.45894140754,41.833806471682",2018/8/8 12:50,2018/8/8 13:04
2.98208E+12,"123.36898,41.803162","123.36907961573,41.802947139789","123.35018261168,41.786393620879",2018/8/8 12:50,2018/8/8 13:03
2.9863E+12,"123.426458,41.785379","123.42669008049,41.78528866878","123.44376010827,41.72798236148",2018/8/8 10:21,2018/8/8 10:44
2.99866E+12,"123.407161,41.750804","123.41702407534,41.741277876998","123.40614378454,41.747601495393",2018/8/8 16:35,2018/8/8 16:47
3.00886E+12,"123.411601,41.930338","123.41116861979,41.930020073785","123.43020833333,41.93140109592",2018/8/8 9:03,2018/8/8 9:08
3.02E+12,"123.41171,41.735177","123.41041988353,41.735305622332","123.40198938027,41.745447640288",2018/8/8 6:45,2018/8/8 7:02
3.02769E+12,"123.371457,41.827159","123.37063067536,41.827347528479","123.38052498071,41.796873485006",2018/8/8 8:27,2018/8/8 8:58
3.0388E+12,"123.384667,41.811851","123.38381967803,41.811489637266","123.3772557777,41.813446331733",2018/8/8 15:57,2018/8/8 16:11
3.04348E+12,"123.397192,41.923355","123.39842440644,41.922881514869","123.43804245199,41.931941996696",2018/8/8 19:25,2018/8/8 19:34
3.05671E+12,"123.387822,41.779475","123.38840386285,41.779411078559","123.37828097873,41.77853108724",2018/8/8 12:08,2018/8/8 12:17
3.05675E+12,"123.308727,41.802912","123.37031741375,41.793725596435","123.36202814383,41.774825534012",2018/8/8 10:54,2018/8/8 11:11
3.05756E+12,"123.469446,41.7031","123.46974049121,41.703342966316","123.44263552805,41.730601356311",2018/8/8 8:01,2018/8/8 8:26
3.05812E+12,"123.371789,41.829514","123.37195994303,41.829446917245","123.37791140567,41.815126452952",2018/8/8 2:35,2018/8/8 2:43
3.08881E+12,"123.380071,41.795449","123.38020589193,41.795419650608","123.45137586806,41.712813042535",2018/8/8 21:41,2018/8/8 22:16
3.11125E+12,"123.481447,41.744625","123.48145478705,41.744855332007","123.42161830384,41.688299757154",2018/8/8 14:10,2018/8/8 14:41
3.12268E+12,"123.488232,41.731003","123.48818522135,41.730615234375","123.5269148763,41.750034179688",2018/8/8 15:46,2018/8/8 15:59
3.12605E+12,"123.430096,41.731673","123.42925998264,41.731667209201","123.45988633898,41.731431206597",2018/8/8 14:52,2018/8/8 15:15
3.12963E+12,"123.453789,41.68429","123.45380302407,41.684419506912","123.49328342239,41.683653867735",2018/8/8 12:13,2018/8/8 12:30
3.13304E+12,"123.429786,41.895562","123.42994589869,41.895472853841","123.39753669908,41.936724584775",2018/8/8 12:38,2018/8/8 12:54
3.17384E+12,"123.450662,41.80717","123.45164686415,41.808073459201","123.41624945747,41.800899522569",2018/8/8 9:22,2018/8/8 9:51
3.17528E+12,"123.421806,41.787217","123.42085824389,41.786875463798","123.39279503927,41.777294317422",2018/8/8 14:33,2018/8/8 14:53
3.17736E+12,"123.422077,41.813197","123.42067314369,41.812123287017","123.37699489236,41.827253053499",2018/8/8 16:09,2018/8/8 16:29
3.17933E+12,"123.401991,41.748873","123.40221652561,41.74887125651","123.42472005208,41.752917751736",2018/8/8 17:15,2018/8/8 17:38
3.1797E+12,"123.397507,41.743845","123.39722949378,41.744178678806","123.4005706866,41.792407361795",2018/8/8 19:03,2018/8/8 19:23
3.17978E+12,"123.461846,41.677899","123.46281333522,41.67794025215","123.48941824091,41.690053145201",2018/8/8 12:34,2018/8/8 12:43
3.23618E+12,"123.432652,41.781","123.43289781566,41.780966662538","123.44250975503,41.770497396706",2018/8/8 10:23,2018/8/8 10:33
3.24791E+12,"123.425027,41.776796","123.42509585532,41.777632287669","123.34967729137,41.790761886255",2018/8/8 18:03,2018/8/8 18:44
3.26864E+12,"123.436339,41.8162","123.43580144333,41.816195606183","123.47729034771,41.763458886758",2018/8/8 11:49,2018/8/8 12:23
3.27538E+12,"123.483795,41.79106","123.48577314709,41.797402460574","123.53668469096,41.81992156774",2018/8/8 5:24,2018/8/8 5:40
3.28307E+12,"123.47168,41.796972","123.47381243303,41.797913313151","123.42150645101,41.789877299088",2018/8/8 11:40,2018/8/8 12:14
3.34254E+12,"123.49015,41.884097","123.49039026752,41.8847976771","123.55449794268,41.945600565612",2018/8/8 6:27,2018/8/8 6:43
3.35635E+12,"123.374661,41.822129","123.37515543178,41.82147527671","123.40860145168,41.827016074593",2018/8/8 12:27,2018/8/8 12:47
3.39517E+12,"123.400691,41.777786","123.40024523717,41.777950580821","123.37841731379,41.815028060542",2018/8/8 16:31,2018/8/8 17:06
3.41224E+12,"123.450347,41.787944","123.44979437934,41.787959798177","123.41019259983,41.804632703993",2018/8/8 15:20,2018/8/8 16:00
3.47507E+12,"123.419499,41.831779","123.41965632359,41.831839219451","123.4210450506,41.838762713947",2018/8/8 8:45,2018/8/8 8:59
3.47513E+12,"123.471304,41.782416","123.47235938279,41.782695959503","123.54509723694,41.812639620934",2018/8/8 12:32,2018/8/8 12:54
3.49844E+12,"123.401437,41.782746","123.40145453559,41.782878689236","123.40541042752,41.817065700955",2018/8/8 13:50,2018/8/8 14:11
3.50407E+12,"123.42432,41.868949","123.42482069227,41.86939046224","123.44417100694,41.816482204861",2018/8/8 15:18,2018/8/8 15:40
3.52962E+12,"123.487299,41.743466","123.48732111949,41.743915792828","123.48792127845,41.77290447996",2018/8/8 15:50,2018/8/8 16:06
3.55794E+12,"123.567806,41.937233","123.56697918074,41.937392371111","123.59602977088,41.92898660597",2018/8/8 21:49,2018/8/8 21:59
3.57055E+12,"123.496765,41.750655","123.49556185378,41.751107198356","123.44327364346,41.727570410245",2018/8/8 18:51,2018/8/8 19:13
5.00003E+12,"121.447329,28.647227","123.44828499634,41.797006600092","123.38832439498,41.772528065288",2018/8/8 20:47,2018/8/8 21:15
5.00003E+12,"123.474423,41.78191","123.47705474947,41.778690110597","123.51353795412,41.748193007298",2018/8/8 19:17,2018/8/8 19:49
5.00003E+12,"123.420824,41.773133","123.4197416431,41.773484370426","123.2965937344,41.834163319902",2018/8/8 16:53,2018/8/8 17:52
5.00004E+12,"123.437929,41.755225","123.43699671885,41.75624411799","123.36090152562,41.813605972543",2018/8/8 16:48,2018/8/8 17:48
5.00004E+12,"123.356844,41.800957","123.35692708333,41.801312934028","123.3834757487,41.838481445313",2018/8/8 14:49,2018/8/8 15:07
5.00004E+12,"123.413819,41.96453","123.41253200955,41.964940863715","123.42885036892,41.919392632378",2018/8/8 13:55,2018/8/8 14:08
5.00004E+12,"123.43705,41.817519","123.38080410674,41.796921356817","123.36580216227,41.761274248511",2018/8/8 20:08,2018/8/8 20:24
5.00005E+12,"123.376794,41.832113","123.37673430174,41.832308630407","123.36022638249,41.860112333451",2018/8/8 8:31,2018/8/8 8:48
5.00006E+12,"123.408486,41.903831","123.40708781484,41.90495440432","123.42989837615,41.832348318973",2018/8/8 17:26,2018/8/8 18:04
5.00006E+12,"123.409383,41.734353","123.40843803438,41.733821990686","123.36295994347,41.785193799967",2018/8/8 11:08,2018/8/8 11:41
5.00006E+12,"123.500286,41.686621","123.49957134667,41.685660325782","123.47462769199,41.67681128573",2018/8/8 10:38,2018/8/8 10:45
5.00006E+12,"123.451178,41.784555","123.45181911754,41.78405937641","123.45974828056,41.788492077912",2018/8/8 9:22,2018/8/8 9:33
5.00006E+12,"123.346639,41.819655","123.34848533732,41.818918160307","123.35785220827,41.803213539519",2018/8/8 8:28,2018/8/8 8:44
5.00009E+12,"123.501604,41.795727","123.50153814528,41.796226437754","123.4423693003,41.77027839135",2018/8/8 16:16,2018/8/8 16:48
5.0001E+12,"123.410125,41.821555","123.41020182292,41.821233995226","123.39519666884,41.835869411892",2018/8/8 20:16,2018/8/8 20:31
5.00011E+12,"123.442763,41.795312","123.44245415582,41.795274793837","123.43672363281,41.818180881076",2018/8/8 11:52,2018/8/8 12:08
5.00011E+12,"123.432034,41.772771","123.43210562889,41.773050042117","123.42635882887,41.790660423125",2018/8/8 20:12,2018/8/8 20:27
5.00011E+12,"123.464727,41.804298","123.46443695326,41.803908392331","123.43941037252,41.84532472738",2018/8/8 15:44,2018/8/8 16:11
5.00012E+12,"123.406008,41.946122","123.40562328762,41.945923939958","123.36721450528,41.858567988408",2018/8/8 22:29,2018/8/8 23:01
5.00013E+12,"123.572868,41.959207","123.57110098546,41.959912479123","123.52004978829,42.045893460734",2018/8/8 20:43,2018/8/8 21:00
5.00013E+12,"123.448476,41.801566","123.44743892433,41.801523203723","123.38602926603,41.798302277995",2018/8/8 21:59,2018/8/8 22:22
5.00013E+12,"123.369735,41.792165","123.36939536386,41.792294347646","123.37632745871,41.766749529017",2018/8/8 12:53,2018/8/8 13:13
5.00014E+12,"123.333906,41.93875","123.33465471163,41.938412491189","123.4383359805,41.946795148679",2018/8/8 7:16,2018/8/8 7:39
5.00015E+12,"123.384223,41.789317","123.38328993056,41.789514431424","123.36647596571,41.803444552951",2018/8/8 23:41,2018/8/8 23:52
5.00016E+12,"123.282338,41.784449","123.2846500651,41.783491210937","123.27557996962,41.776746419271",2018/8/8 13:10,2018/8/8 13:26
5.00016E+12,"123.33277,41.774666","123.33396444114,41.775130302666","123.37081222106,41.771033505885",2018/8/8 6:33,2018/8/8 6:54
5.00016E+12,"123.391712,41.797738","123.39157883397,41.797885948422","123.39442299489,41.826277919113",2018/8/8 13:55,2018/8/8 14:19
5.00016E+12,"123.438269,41.76659","123.43838650174,41.766384819878","123.44987494575,41.773712293837",2018/8/8 20:12,2018/8/8 20:22
5.00017E+12,"123.35886,41.751425","123.35832780232,41.75210738341","123.39904302537,41.782337011947",2018/8/8 19:38,2018/8/8 20:03
5.00017E+12,"123.496396,41.775809","123.49682752821,41.776471625434","123.45947482639,41.804328342014",2018/8/8 16:15,2018/8/8 16:45
5.00017E+12,"123.426751,41.765058","123.42771490083,41.765376517703","123.45273664624,41.814360937868",2018/8/8 13:51,2018/8/8 14:21
5.00017E+12,"123.288358,41.796791","123.28804668837,41.796789398452","123.1382755945,41.788165525805",2018/8/8 11:21,2018/8/8 11:50
5.00017E+12,"123.427692,41.771869","123.42837276801,41.771365994559","123.46994099526,41.719583036103",2018/8/8 12:21,2018/8/8 12:39
5.00017E+12,"123.496299,41.833355","123.49633206288,41.833296667795","123.43639205664,41.818111484642",2018/8/8 12:56,2018/8/8 13:17
5.00018E+12,"123.394016,41.93015","123.39292854497,41.929329592552","123.35760571484,41.895510874813",2018/8/8 8:40,2018/8/8 8:55
5.00018E+12,"123.483709,41.693931","123.48379262398,41.69406401444","123.45516705599,41.726760892743",2018/8/8 16:55,2018/8/8 17:18
5.00018E+12,"123.146883,41.783041","123.14674066822,41.783278155082","123.3059862419,41.780801455107",2018/8/8 8:52,2018/8/8 9:35
5.00019E+12,"123.392748,41.779164","123.39218309752,41.778266431643","123.42477916868,41.789051005436",2018/8/8 15:37,2018/8/8 16:08
5.00019E+12,"123.531855,41.817586","123.53204586001,41.81696016431","123.5353336223,41.808879387768",2018/8/8 16:29,2018/8/8 16:41
5.00019E+12,"123.479695,41.787664","123.47978941307,41.78760633212","123.47670988568,41.828061481933",2018/8/8 16:46,2018/8/8 17:08
5.00019E+12,"123.450145,41.84918","123.4499858941,41.849084472656","123.41277777778,41.786840549045",2018/8/8 6:58,2018/8/8 7:39
5.00019E+12,"123.403572,41.784189","123.40344200226,41.784343434417","123.51982095756,41.841290643336",2018/8/8 2:16,2018/8/8 2:51
5.0002E+12,"123.414118,41.822884","123.41422120988,41.822907298115","123.45323647883,41.801475193465",2018/8/8 9:48,2018/8/8 10:16
5.0002E+12,"123.318908,41.787651","123.31938395182,41.786194932726","123.40663248698,41.916564670139",2018/8/8 14:08,2018/8/8 14:35
5.00021E+12,"123.414749,41.802613","123.41462356177,41.80256702482","123.4282124556,41.78125405176",2018/8/8 17:31,2018/8/8 18:04
5.00021E+12,"123.394852,41.736424","123.39467404192,41.736675521563","123.39961006415,41.728729255255",2018/8/8 17:07,2018/8/8 17:12
5.00022E+12,"123.44405,41.816632","123.44336443729,41.816560290368","123.4407597974,41.797017719213",2018/8/8 16:57,2018/8/8 17:26
5.00022E+12,"123.225937,41.74081","123.22544742041,41.744837447904","123.24675187924,41.748964881985",2018/8/8 22:27,2018/8/8 22:37
5.00023E+12,"123.355918,41.814929","123.35611519454,41.814925513964","123.37812711717,41.815119193876",2018/8/8 14:34,2018/8/8 14:44
5.00023E+12,"123.435134,41.772329","123.43552774872,41.774174820124","123.49382939313,41.773336228899",2018/8/8 18:57,2018/8/8 19:18
5.00024E+12,"123.456605,41.720117","123.45674418594,41.720259705211","123.42134916518,41.677349063357",2018/8/8 15:54,2018/8/8 16:18
5.00024E+12,"123.477861,41.851763","123.47815889178,41.851991401704","123.41251450534,41.831886374776",2018/8/8 12:35,2018/8/8 12:52
1.75922E+13,"123.523015,42.049514","123.52035596585,42.049881669077","123.51027238578,41.944336974124",2018/8/8 20:16,2018/8/8 20:49
1.75922E+13,"123.281141,41.784134","123.28215692517,41.782161991981","123.24017886024,41.786028926172",2018/8/8 20:05,2018/8/8 20:19
1.75922E+13,"123.515144,41.838857","123.5152671894,41.838803137633","123.40608339835,41.80632229118",2018/8/8 21:09,2018/8/8 21:35
1.75922E+13,"123.487318,41.738334","123.48731228299,41.738230794271","123.45337863498,41.743929578993",2018/8/8 10:55,2018/8/8 11:12
1.75922E+13,"123.377725,41.893234","123.37749263183,41.8933444658","123.41657655529,41.95991936194",2018/8/8 14:45,2018/8/8 15:29
1.75922E+13,"123.389324,41.812491","123.38921626821,41.812577590896","123.45527550284,41.833377088145",2018/8/8 5:59,2018/8/8 6:21
1.75922E+13,"123.347732,41.82188","123.3450930447,41.821579047309","123.38851752387,41.798838161892",2018/8/8 11:01,2018/8/8 11:31
1.75922E+13,"123.324663,41.83874","123.32713163889,41.838396547685","123.40860328607,41.788367959651",2018/8/8 15:04,2018/8/8 15:39
1.75922E+13,"123.460286,41.768307","123.45995310194,41.768540711105","123.43391510083,41.783666617124",2018/8/8 17:29,2018/8/8 17:53
1.75922E+13,"123.457037,41.680302","123.45646260839,41.683755718829","123.41032502829,41.657729233499",2018/8/8 16:35,2018/8/8 16:55
1.75922E+13,"123.29768,41.79169","123.3029300331,41.790406781909","123.29762688459,41.842576292745",2018/8/8 21:20,2018/8/8 21:43
1.75922E+13,"123.3971,41.854587","123.39807445043,41.855032721922","123.41134436331,41.787866992843",2018/8/8 9:22,2018/8/8 10:19
1.75922E+13,"123.450255,41.72084","123.45039109117,41.72060637282","123.4641411314,41.703521282549",2018/8/8 18:25,2018/8/8 18:37
1.75922E+13,"123.379321,41.794618","123.43338378906,41.811249457465","123.41650065104,41.830312228733",2018/8/8 17:15,2018/8/8 17:45
1.75922E+13,"123.414348,41.686026","123.41454124051,41.685913278915","123.38737379252,41.69620105195",2018/8/8 10:38,2018/8/8 10:49
1.75922E+13,"123.327941,41.740213","123.32826860363,41.740696410232","123.39778635508,41.793267439304",2018/8/8 14:40,2018/8/8 15:24
1.75923E+13,"123.431402,41.863886","123.43199037106,41.865242945225","123.40941714764,41.795301269646",2018/8/8 8:16,2018/8/8 9:07
1.75923E+13,"123.467395,41.803408","123.46795241911,41.803520144556","123.45007247359,41.7858073053",2018/8/8 10:36,2018/8/8 10:58
1.75923E+13,"123.255474,41.740261","123.25567676434,41.740059411207","123.23775016345,41.720562395962",2018/8/8 23:36,2018/8/8 23:45
1.75923E+13,"123.491146,41.765115","123.49102192362,41.765634355227","123.39320574472,41.775949235812",2018/8/8 22:33,2018/8/8 22:56
1.75923E+13,"123.436864,41.775651","123.43668945312,41.776845431858","123.43318169488,41.785188530816",2018/8/8 1:13,2018/8/8 1:19
1.75923E+13,"123.380787,41.799276","123.38072048611,41.798850097656","123.37594590929,41.807175564236",2018/8/8 13:14,2018/8/8 13:22
1.75923E+13,"123.264175,41.766002","123.26373378176,41.765544868094","123.32867301514,41.658513353007",2018/8/8 21:54,2018/8/8 22:18
1.75923E+13,"123.395646,41.792683","123.39588619406,41.793352274433","123.40103119984,41.748386842582",2018/8/8 12:31,2018/8/8 12:55
1.75923E+13,"123.424856,41.790505","123.42425482856,41.791134982639","123.4033835178,41.802292209201",2018/8/8 14:32,2018/8/8 14:47
1.75923E+13,"123.443693,41.750588","123.45475640191,41.742994791667","123.46661512587,41.748202311198",2018/8/8 14:07,2018/8/8 14:18
1.75923E+13,"123.411981,41.690496","123.41167802321,41.69017450652","123.43870000784,41.683871969254",2018/8/8 23:19,2018/8/8 23:29
1.75923E+13,"123.321409,41.750236","123.32308349579,41.748548292163","123.39695233107,41.790734473093",2018/8/8 9:08,2018/8/8 9:53
1.75923E+13,"123.44819,41.710088","123.44822462116,41.709976519551","123.43864323554,41.68842441839",2018/8/8 17:12,2018/8/8 17:25
1.75923E+13,"123.408947,41.794746","123.40934488932,41.795139702691","123.45376708984,41.797853190104",2018/8/8 9:50,2018/8/8 10:18
1.75923E+13,"123.404185,41.916634","123.40425925392,41.916669198324","123.39298664551,41.929273074643",2018/8/8 20:42,2018/8/8 20:57
1.75923E+13,"123.534659,42.04945","123.53465964759,42.050929761471","123.51729541409,42.057168005442",2018/8/8 17:12,2018/8/8 17:20
1.75923E+13,"123.412472,41.965341","123.39430774508,41.963588370185","123.41597291645,41.894291735824",2018/8/8 7:53,2018/8/8 8:21
1.75923E+13,"123.492987,41.807603","123.49317181784,41.808739871412","123.4981526144,41.807526985564",2018/8/8 10:57,2018/8/8 11:01
1.75923E+13,"123.385942,41.813413","123.38842633734,41.814453962969","123.32584289494,41.786144929973",2018/8/8 18:14,2018/8/8 18:55
1.75923E+13,"123.385276,41.737772","123.38485561255,41.738105775127","123.3330306325,41.649762861169",2018/8/8 0:48,2018/8/8 1:15
1.75923E+13,"123.302624,41.843341","123.30295518663,41.843296169705","123.34773952908,41.802939453125",2018/8/8 20:22,2018/8/8 20:48
1.75923E+13,"123.397882,41.819816","123.39694517913,41.820038688325","123.34852298556,41.80362611292",2018/8/8 10:03,2018/8/8 10:32
1.75923E+13,"123.455775,41.723171","123.4552198592,41.723356487138","123.46329600047,41.721017276609",2018/8/8 15:39,2018/8/8 15:44
1.75923E+13,"123.43783,41.808374","123.4375321018,41.807737000985","123.46418217249,41.80745469933",2018/8/8 8:04,2018/8/8 8:21
1.75923E+13,"123.450906,41.72146","123.45082602762,41.721698959602","123.43616522986,41.784143517739",2018/8/8 21:52,2018/8/8 22:08
1.75923E+13,"123.437709,41.688899","123.43777171558,41.689005143617","123.45573078068,41.725687135712",2018/8/8 8:40,2018/8/8 9:06
1.75923E+13,"123.486659,41.807201","123.488775251,41.809051686365","123.50862303861,41.830779562124",2018/8/8 0:10,2018/8/8 0:31
1.75923E+13,"123.399658,41.79792","123.39855297118,41.797264114922","123.4486121379,41.734146699838",2018/8/8 14:57,2018/8/8 15:34
1.75923E+13,"123.399969,41.787109","123.40019450982,41.787262035157","123.34883974606,41.747345870562",2018/8/8 8:50,2018/8/8 9:24
1.75923E+13,"123.37064,41.80965","123.37048305367,41.809563626154","123.3312742253,41.750747771036",2018/8/8 21:14,2018/8/8 21:43
1.75923E+13,"123.48704,41.83434","123.4873038737,41.83449734158","123.52414876302,41.904620768229",2018/8/8 7:16,2018/8/8 7:42
1.75923E+13,"123.429845,41.809481","123.43141543726,41.808907376725","123.41843842257,41.852814905328",2018/8/8 13:59,2018/8/8 14:22
1.75923E+13,"123.44341,41.81695","123.44326990589,41.816782288708","123.41507554905,41.837081425744",2018/8/8 15:12,2018/8/8 15:50
1.75923E+13,"123.48076,41.851268","123.48086587333,41.851230959399","123.41954051528,41.941691896755",2018/8/8 22:54,2018/8/8 23:08
1.75923E+13,"123.360786,41.808792","123.36137235554,41.808748753208","123.40551489849,41.852300020702",2018/8/8 10:44,2018/8/8 11:11
1.75923E+13,"123.496405,41.827818","123.49775990886,41.828322429052","123.43883329432,41.838797909842",2018/8/8 9:21,2018/8/8 9:41
1.75923E+13,"123.366011,41.792995","123.36663058811,41.792849121094","123.48331325955,41.758946397569",2018/8/8 7:19,2018/8/8 8:08
1.75923E+13,"123.43815,41.796684","123.43816329509,41.796687353062","123.56544967351,41.792216813419",2018/8/8 23:08,2018/8/8 23:34
1.75923E+13,"123.493838,41.763098","123.49389041191,41.763104752667","123.49337217136,41.705355398063",2018/8/8 22:50,2018/8/8 23:09
1.75923E+13,"123.525179,41.809546","123.52499104818,41.809578450521","123.47778645833,41.805602756076",2018/8/8 22:48,2018/8/8 23:06
1.75923E+13,"123.487073,41.743683","123.48656132392,41.743987712832","123.45607978523,41.654580507667",2018/8/8 12:17,2018/8/8 12:37
1.75924E+13,"123.430268,41.765651","123.43096327764,41.765482104458","123.40314168024,41.800725487461",2018/8/8 14:16,2018/8/8 14:57
1.75924E+13,"123.418243,41.887517","123.41981746513,41.888110438293","123.35498855221,41.826561995712",2018/8/8 4:54,2018/8/8 5:13
1.75924E+13,"123.398889,41.770823","123.39884819878,41.771015353733","123.41101671007,41.807364908854",2018/8/8 18:15,2018/8/8 18:47
1.75924E+13,"123.302253,41.773528","123.3021537682,41.773367321143","123.35760035085,41.895517835363",2018/8/8 10:31,2018/8/8 11:14
1.75924E+13,"123.521132,41.841135","123.52683659215,41.850132429347","123.5367800725,41.858351432122",2018/8/8 18:51,2018/8/8 18:59
1.75924E+13,"123.397023,41.802734","123.39724500868,41.80298421224","123.46472222222,41.810641276042",2018/8/8 1:31,2018/8/8 1:44
1.75924E+13,"123.412492,41.826052","123.4126155599,41.826163194444","123.35392903646,41.864797634549",2018/8/8 15:46,2018/8/8 16:10
1.75924E+13,"123.43707,41.802373","123.43719800053,41.802247635729","123.39219942574,41.788787542962",2018/8/8 14:33,2018/8/8 14:58
1.75924E+13,"123.320433,41.763402","123.32056538071,41.763531447953","123.3916525635,41.795116746612",2018/8/8 3:56,2018/8/8 4:08
1.75924E+13,"123.427968,41.780388","123.42803733881,41.780555447207","123.33321596153,41.81150551416",2018/8/8 22:19,2018/8/8 22:54
1.75924E+13,"123.412535,41.795347","123.41305636936,41.795903320312","123.42487386068,41.77029296875",2018/8/8 12:46,2018/8/8 13:15
1.75924E+13,"123.451773,41.729262","123.45179033072,41.729130634795","123.53055004117,41.690690450805",2018/8/8 12:41,2018/8/8 13:01
1.75924E+13,"123.438654,41.775973","123.43867702908,41.776954752604","123.41237006293,41.789168294271",2018/8/8 16:49,2018/8/8 17:36
1.75924E+13,"123.418638,41.794127","123.41861165365,41.794104546441","123.45392957899,41.811843804253",2018/8/8 22:33,2018/8/8 22:54
1.75924E+13,"123.452306,41.785367","123.45231232837,41.785385964803","123.48105650263,41.833881664026",2018/8/8 11:20,2018/8/8 11:40
1.75924E+13,"123.377121,41.820957","123.37524059161,41.82145746494","123.38772597394,41.797511467204",2018/8/8 6:21,2018/8/8 6:41
1.75924E+13,"123.457899,41.707064","123.45775235218,41.707176167009","123.4616173134,41.735659422764",2018/8/8 19:20,2018/8/8 19:32
1.75924E+13,"123.427829,41.772875","123.42341866054,41.771956515281","123.42270793665,41.772312014354",2018/8/8 14:56,2018/8/8 14:56
1.75924E+13,"123.48937,41.69015","123.48963672842,41.690160696379","123.48151432086,41.727531248349",2018/8/8 20:00,2018/8/8 20:08
1.75924E+13,"123.376219,41.794971","123.37469509549,41.795119900174","123.44109646267,41.795335557726",2018/8/8 8:15,2018/8/8 8:56
1.75925E+13,"123.466931,41.731742","123.46778628999,41.732233103178","123.41174287886,41.765617724674",2018/8/8 22:03,2018/8/8 22:19
1.75925E+13,"123.450358,41.801096","123.45022953693,41.801379110335","123.4742426893,41.807083755554",2018/8/8 10:24,2018/8/8 10:38
1.75925E+13,"123.401957,41.78502","123.4025208513,41.784822439297","123.50077948774,41.739915671565",2018/8/8 12:06,2018/8/8 12:41
1.75925E+13,"123.442438,41.927768","123.44250450454,41.927940891931","123.4056913832,41.916587837921",2018/8/8 20:44,2018/8/8 20:58
1.75925E+13,"123.472269,41.705143","123.47363704775,41.705130105231","123.44914613317,41.722676170373",2018/8/8 8:49,2018/8/8 9:03
1.75925E+13,"123.390317,41.785213","123.39046847873,41.785651855469","123.48290011936,41.808115505642",2018/8/8 11:07,2018/8/8 11:51
1.75925E+13,"123.462365,41.734809","123.46214653863,41.734803873698","123.47031548394,41.823240017361",2018/8/8 2:44,2018/8/8 3:07
1.75925E+13,"123.430358,41.80247","123.43011551978,41.802442278445","123.43834194312,41.825923973177",2018/8/8 18:08,2018/8/8 18:26
1.75925E+13,"123.470832,41.748328","123.47084285246,41.748336471089","123.43962919978,41.805253914058",2018/8/8 14:35,2018/8/8 15:09
1.75925E+13,"123.398848,41.7927","123.39878190997,41.793287293393","123.32800311887,41.827186759334",2018/8/8 15:02,2018/8/8 15:33
1.75925E+13,"123.308744,41.783554","123.30866145639,41.784834440771","123.30704807872,41.762754524793",2018/8/8 21:24,2018/8/8 21:35
1.75925E+13,"123.517575,41.817937","123.51721191406,41.818375108507","123.43825602214,41.816255425347",2018/8/8 12:32,2018/8/8 12:51
1.75925E+13,"123.320921,41.830669","123.32200905419,41.830773208461","123.30560425613,41.792148648185",2018/8/8 17:44,2018/8/8 18:12
1.75925E+13,"123.442196,41.766317","123.44217393663,41.766248372396","123.432421875,41.787214084201",2018/8/8 22:36,2018/8/8 22:50
1.75925E+13,"123.455215,41.760736","123.45555651721,41.761068213741","123.43275842562,41.791829250078",2018/8/8 11:05,2018/8/8 11:41
1.75925E+13,"123.386399,41.745795","123.38522877535,41.746196385002","123.45379628771,41.799389319343",2018/8/8 21:05,2018/8/8 21:39
1.75925E+13,"123.394644,41.792138","123.39472858143,41.792085108466","123.3851518661,41.745043282722",2018/8/8 13:05,2018/8/8 13:24
1.75925E+13,"123.498123,41.748389","123.50178444019,41.749308291539","123.43523436113,41.765647823297",2018/8/8 9:38,2018/8/8 10:07
1.75925E+13,"123.496316,41.740727","123.49622895015,41.740911626101","123.44712693692,41.798872383087",2018/8/8 17:02,2018/8/8 17:44
1.75925E+13,"123.434922,41.758589","123.43526074883,41.758859943439","123.41876184352,41.792236363311",2018/8/8 11:18,2018/8/8 11:45
1.75925E+13,"123.413386,41.820432","123.41304009964,41.821238818637","123.40719384125,41.854105176799",2018/8/8 12:54,2018/8/8 13:20
1.75926E+13,"123.451636,41.845902","123.4517806443,41.846489397414","123.44246412608,41.808308036054",2018/8/8 16:31,2018/8/8 16:55
1.75926E+13,"123.495222,41.762559","123.49391397834,41.763119704385","123.45102182815,41.81302191489",2018/8/8 9:17,2018/8/8 10:03
1.75926E+13,"123.227813,41.729049","123.22918003126,41.729417245171","123.21172363946,41.744207234479",2018/8/8 7:55,2018/8/8 8:04
1.75926E+13,"123.481311,41.808267","123.48125707709,41.808259541743","123.40820464553,41.772073434997",2018/8/8 13:31,2018/8/8 14:04
1.75926E+13,"123.471017,41.802955","123.47140532043,41.803365447173","123.46287614471,41.781762872964",2018/8/8 13:17,2018/8/8 13:39
1.75926E+13,"123.411784,41.852664","123.41146414496,41.852651092082","123.40988255591,41.863724510878",2018/8/8 14:27,2018/8/8 14:37
1.75926E+13,"122.84347,41.993942","122.8435156508,41.994614281559","122.8404046865,41.992746385862",2018/8/8 21:58,2018/8/8 22:03
